MemberNameRegister,MemberNameLogin,MemberNAmeOpenShop,MemberNameAppointShopOwner,MemberNameAddDiscount,ShopNameOpenShop,ShopNameAppointShopOwner,ShopNameAddDiscount
MemberNameRegister1,MemberNameLogin1,MemberNAmeOpenShop1,MemberNameAppointShopOwner1,MemberNameAddDiscount1,ShopNameOpenShop1,ShopNameAppointShopOwner1,ShopNameAddDiscount1
MemberNameRegister2,MemberNameLogin2,MemberNAmeOpenShop2,MemberNameAppointShopOwner2,MemberNameAddDiscount2,ShopNameOpenShop2,ShopNameAppointShopOwner2,ShopNameAddDiscount2
MemberNameRegister3,MemberNameLogin3,MemberNAmeOpenShop3,MemberNameAppointShopOwner3,MemberNameAddDiscount3,ShopNameOpenShop3,ShopNameAppointShopOwner3,ShopNameAddDiscount3
MemberNameRegister4,MemberNameLogin4,MemberNAmeOpenShop4,MemberNameAppointShopOwner4,MemberNameAddDiscount4,ShopNameOpenShop4,ShopNameAppointShopOwner4,ShopNameAddDiscount4
MemberNameRegister5,MemberNameLogin5,MemberNAmeOpenShop5,MemberNameAppointShopOwner5,MemberNameAddDiscount5,ShopNameOpenShop5,ShopNameAppointShopOwner5,ShopNameAddDiscount5
MemberNameRegister6,MemberNameLogin6,MemberNAmeOpenShop6,MemberNameAppointShopOwner6,MemberNameAddDiscount6,ShopNameOpenShop6,ShopNameAppointShopOwner6,ShopNameAddDiscount6
MemberNameRegister7,MemberNameLogin7,MemberNAmeOpenShop7,MemberNameAppointShopOwner7,MemberNameAddDiscount7,ShopNameOpenShop7,ShopNameAppointShopOwner7,ShopNameAddDiscount7
MemberNameRegister8,MemberNameLogin8,MemberNAmeOpenShop8,MemberNameAppointShopOwner8,MemberNameAddDiscount8,ShopNameOpenShop8,ShopNameAppointShopOwner8,ShopNameAddDiscount8
MemberNameRegister9,MemberNameLogin9,MemberNAmeOpenShop9,MemberNameAppointShopOwner9,MemberNameAddDiscount9,ShopNameOpenShop9,ShopNameAppointShopOwner9,ShopNameAddDiscount9
MemberNameRegister10,MemberNameLogin10,MemberNAmeOpenShop10,MemberNameAppointShopOwner10,MemberNameAddDiscount10,ShopNameOpenShop10,ShopNameAppointShopOwner10,ShopNameAddDiscount10
MemberNameRegister11,MemberNameLogin11,MemberNAmeOpenShop11,MemberNameAppointShopOwner11,MemberNameAddDiscount11,ShopNameOpenShop11,ShopNameAppointShopOwner11,ShopNameAddDiscount11
MemberNameRegister12,MemberNameLogin12,MemberNAmeOpenShop12,MemberNameAppointShopOwner12,MemberNameAddDiscount12,ShopNameOpenShop12,ShopNameAppointShopOwner12,ShopNameAddDiscount12
MemberNameRegister13,MemberNameLogin13,MemberNAmeOpenShop13,MemberNameAppointShopOwner13,MemberNameAddDiscount13,ShopNameOpenShop13,ShopNameAppointShopOwner13,ShopNameAddDiscount13
MemberNameRegister14,MemberNameLogin14,MemberNAmeOpenShop14,MemberNameAppointShopOwner14,MemberNameAddDiscount14,ShopNameOpenShop14,ShopNameAppointShopOwner14,ShopNameAddDiscount14
MemberNameRegister15,MemberNameLogin15,MemberNAmeOpenShop15,MemberNameAppointShopOwner15,MemberNameAddDiscount15,ShopNameOpenShop15,ShopNameAppointShopOwner15,ShopNameAddDiscount15
MemberNameRegister16,MemberNameLogin16,MemberNAmeOpenShop16,MemberNameAppointShopOwner16,MemberNameAddDiscount16,ShopNameOpenShop16,ShopNameAppointShopOwner16,ShopNameAddDiscount16
MemberNameRegister17,MemberNameLogin17,MemberNAmeOpenShop17,MemberNameAppointShopOwner17,MemberNameAddDiscount17,ShopNameOpenShop17,ShopNameAppointShopOwner17,ShopNameAddDiscount17
MemberNameRegister18,MemberNameLogin18,MemberNAmeOpenShop18,MemberNameAppointShopOwner18,MemberNameAddDiscount18,ShopNameOpenShop18,ShopNameAppointShopOwner18,ShopNameAddDiscount18
MemberNameRegister19,MemberNameLogin19,MemberNAmeOpenShop19,MemberNameAppointShopOwner19,MemberNameAddDiscount19,ShopNameOpenShop19,ShopNameAppointShopOwner19,ShopNameAddDiscount19
MemberNameRegister20,MemberNameLogin20,MemberNAmeOpenShop20,MemberNameAppointShopOwner20,MemberNameAddDiscount20,ShopNameOpenShop20,ShopNameAppointShopOwner20,ShopNameAddDiscount20
MemberNameRegister21,MemberNameLogin21,MemberNAmeOpenShop21,MemberNameAppointShopOwner21,MemberNameAddDiscount21,ShopNameOpenShop21,ShopNameAppointShopOwner21,ShopNameAddDiscount21
MemberNameRegister22,MemberNameLogin22,MemberNAmeOpenShop22,MemberNameAppointShopOwner22,MemberNameAddDiscount22,ShopNameOpenShop22,ShopNameAppointShopOwner22,ShopNameAddDiscount22
MemberNameRegister23,MemberNameLogin23,MemberNAmeOpenShop23,MemberNameAppointShopOwner23,MemberNameAddDiscount23,ShopNameOpenShop23,ShopNameAppointShopOwner23,ShopNameAddDiscount23
MemberNameRegister24,MemberNameLogin24,MemberNAmeOpenShop24,MemberNameAppointShopOwner24,MemberNameAddDiscount24,ShopNameOpenShop24,ShopNameAppointShopOwner24,ShopNameAddDiscount24
MemberNameRegister25,MemberNameLogin25,MemberNAmeOpenShop25,MemberNameAppointShopOwner25,MemberNameAddDiscount25,ShopNameOpenShop25,ShopNameAppointShopOwner25,ShopNameAddDiscount25
MemberNameRegister26,MemberNameLogin26,MemberNAmeOpenShop26,MemberNameAppointShopOwner26,MemberNameAddDiscount26,ShopNameOpenShop26,ShopNameAppointShopOwner26,ShopNameAddDiscount26
MemberNameRegister27,MemberNameLogin27,MemberNAmeOpenShop27,MemberNameAppointShopOwner27,MemberNameAddDiscount27,ShopNameOpenShop27,ShopNameAppointShopOwner27,ShopNameAddDiscount27
MemberNameRegister28,MemberNameLogin28,MemberNAmeOpenShop28,MemberNameAppointShopOwner28,MemberNameAddDiscount28,ShopNameOpenShop28,ShopNameAppointShopOwner28,ShopNameAddDiscount28
MemberNameRegister29,MemberNameLogin29,MemberNAmeOpenShop29,MemberNameAppointShopOwner29,MemberNameAddDiscount29,ShopNameOpenShop29,ShopNameAppointShopOwner29,ShopNameAddDiscount29
MemberNameRegister30,MemberNameLogin30,MemberNAmeOpenShop30,MemberNameAppointShopOwner30,MemberNameAddDiscount30,ShopNameOpenShop30,ShopNameAppointShopOwner30,ShopNameAddDiscount30
MemberNameRegister31,MemberNameLogin31,MemberNAmeOpenShop31,MemberNameAppointShopOwner31,MemberNameAddDiscount31,ShopNameOpenShop31,ShopNameAppointShopOwner31,ShopNameAddDiscount31
MemberNameRegister32,MemberNameLogin32,MemberNAmeOpenShop32,MemberNameAppointShopOwner32,MemberNameAddDiscount32,ShopNameOpenShop32,ShopNameAppointShopOwner32,ShopNameAddDiscount32
MemberNameRegister33,MemberNameLogin33,MemberNAmeOpenShop33,MemberNameAppointShopOwner33,MemberNameAddDiscount33,ShopNameOpenShop33,ShopNameAppointShopOwner33,ShopNameAddDiscount33
MemberNameRegister34,MemberNameLogin34,MemberNAmeOpenShop34,MemberNameAppointShopOwner34,MemberNameAddDiscount34,ShopNameOpenShop34,ShopNameAppointShopOwner34,ShopNameAddDiscount34
MemberNameRegister35,MemberNameLogin35,MemberNAmeOpenShop35,MemberNameAppointShopOwner35,MemberNameAddDiscount35,ShopNameOpenShop35,ShopNameAppointShopOwner35,ShopNameAddDiscount35
MemberNameRegister36,MemberNameLogin36,MemberNAmeOpenShop36,MemberNameAppointShopOwner36,MemberNameAddDiscount36,ShopNameOpenShop36,ShopNameAppointShopOwner36,ShopNameAddDiscount36
MemberNameRegister37,MemberNameLogin37,MemberNAmeOpenShop37,MemberNameAppointShopOwner37,MemberNameAddDiscount37,ShopNameOpenShop37,ShopNameAppointShopOwner37,ShopNameAddDiscount37
MemberNameRegister38,MemberNameLogin38,MemberNAmeOpenShop38,MemberNameAppointShopOwner38,MemberNameAddDiscount38,ShopNameOpenShop38,ShopNameAppointShopOwner38,ShopNameAddDiscount38
MemberNameRegister39,MemberNameLogin39,MemberNAmeOpenShop39,MemberNameAppointShopOwner39,MemberNameAddDiscount39,ShopNameOpenShop39,ShopNameAppointShopOwner39,ShopNameAddDiscount39
MemberNameRegister40,MemberNameLogin40,MemberNAmeOpenShop40,MemberNameAppointShopOwner40,MemberNameAddDiscount40,ShopNameOpenShop40,ShopNameAppointShopOwner40,ShopNameAddDiscount40
MemberNameRegister41,MemberNameLogin41,MemberNAmeOpenShop41,MemberNameAppointShopOwner41,MemberNameAddDiscount41,ShopNameOpenShop41,ShopNameAppointShopOwner41,ShopNameAddDiscount41
MemberNameRegister42,MemberNameLogin42,MemberNAmeOpenShop42,MemberNameAppointShopOwner42,MemberNameAddDiscount42,ShopNameOpenShop42,ShopNameAppointShopOwner42,ShopNameAddDiscount42
MemberNameRegister43,MemberNameLogin43,MemberNAmeOpenShop43,MemberNameAppointShopOwner43,MemberNameAddDiscount43,ShopNameOpenShop43,ShopNameAppointShopOwner43,ShopNameAddDiscount43
MemberNameRegister44,MemberNameLogin44,MemberNAmeOpenShop44,MemberNameAppointShopOwner44,MemberNameAddDiscount44,ShopNameOpenShop44,ShopNameAppointShopOwner44,ShopNameAddDiscount44
MemberNameRegister45,MemberNameLogin45,MemberNAmeOpenShop45,MemberNameAppointShopOwner45,MemberNameAddDiscount45,ShopNameOpenShop45,ShopNameAppointShopOwner45,ShopNameAddDiscount45
MemberNameRegister46,MemberNameLogin46,MemberNAmeOpenShop46,MemberNameAppointShopOwner46,MemberNameAddDiscount46,ShopNameOpenShop46,ShopNameAppointShopOwner46,ShopNameAddDiscount46
MemberNameRegister47,MemberNameLogin47,MemberNAmeOpenShop47,MemberNameAppointShopOwner47,MemberNameAddDiscount47,ShopNameOpenShop47,ShopNameAppointShopOwner47,ShopNameAddDiscount47
MemberNameRegister48,MemberNameLogin48,MemberNAmeOpenShop48,MemberNameAppointShopOwner48,MemberNameAddDiscount48,ShopNameOpenShop48,ShopNameAppointShopOwner48,ShopNameAddDiscount48
MemberNameRegister49,MemberNameLogin49,MemberNAmeOpenShop49,MemberNameAppointShopOwner49,MemberNameAddDiscount49,ShopNameOpenShop49,ShopNameAppointShopOwner49,ShopNameAddDiscount49
MemberNameRegister50,MemberNameLogin50,MemberNAmeOpenShop50,MemberNameAppointShopOwner50,MemberNameAddDiscount50,ShopNameOpenShop50,ShopNameAppointShopOwner50,ShopNameAddDiscount50
MemberNameRegister51,MemberNameLogin51,MemberNAmeOpenShop51,MemberNameAppointShopOwner51,MemberNameAddDiscount51,ShopNameOpenShop51,ShopNameAppointShopOwner51,ShopNameAddDiscount51
MemberNameRegister52,MemberNameLogin52,MemberNAmeOpenShop52,MemberNameAppointShopOwner52,MemberNameAddDiscount52,ShopNameOpenShop52,ShopNameAppointShopOwner52,ShopNameAddDiscount52
MemberNameRegister53,MemberNameLogin53,MemberNAmeOpenShop53,MemberNameAppointShopOwner53,MemberNameAddDiscount53,ShopNameOpenShop53,ShopNameAppointShopOwner53,ShopNameAddDiscount53
MemberNameRegister54,MemberNameLogin54,MemberNAmeOpenShop54,MemberNameAppointShopOwner54,MemberNameAddDiscount54,ShopNameOpenShop54,ShopNameAppointShopOwner54,ShopNameAddDiscount54
MemberNameRegister55,MemberNameLogin55,MemberNAmeOpenShop55,MemberNameAppointShopOwner55,MemberNameAddDiscount55,ShopNameOpenShop55,ShopNameAppointShopOwner55,ShopNameAddDiscount55
MemberNameRegister56,MemberNameLogin56,MemberNAmeOpenShop56,MemberNameAppointShopOwner56,MemberNameAddDiscount56,ShopNameOpenShop56,ShopNameAppointShopOwner56,ShopNameAddDiscount56
MemberNameRegister57,MemberNameLogin57,MemberNAmeOpenShop57,MemberNameAppointShopOwner57,MemberNameAddDiscount57,ShopNameOpenShop57,ShopNameAppointShopOwner57,ShopNameAddDiscount57
MemberNameRegister58,MemberNameLogin58,MemberNAmeOpenShop58,MemberNameAppointShopOwner58,MemberNameAddDiscount58,ShopNameOpenShop58,ShopNameAppointShopOwner58,ShopNameAddDiscount58
MemberNameRegister59,MemberNameLogin59,MemberNAmeOpenShop59,MemberNameAppointShopOwner59,MemberNameAddDiscount59,ShopNameOpenShop59,ShopNameAppointShopOwner59,ShopNameAddDiscount59
MemberNameRegister60,MemberNameLogin60,MemberNAmeOpenShop60,MemberNameAppointShopOwner60,MemberNameAddDiscount60,ShopNameOpenShop60,ShopNameAppointShopOwner60,ShopNameAddDiscount60
MemberNameRegister61,MemberNameLogin61,MemberNAmeOpenShop61,MemberNameAppointShopOwner61,MemberNameAddDiscount61,ShopNameOpenShop61,ShopNameAppointShopOwner61,ShopNameAddDiscount61
MemberNameRegister62,MemberNameLogin62,MemberNAmeOpenShop62,MemberNameAppointShopOwner62,MemberNameAddDiscount62,ShopNameOpenShop62,ShopNameAppointShopOwner62,ShopNameAddDiscount62
MemberNameRegister63,MemberNameLogin63,MemberNAmeOpenShop63,MemberNameAppointShopOwner63,MemberNameAddDiscount63,ShopNameOpenShop63,ShopNameAppointShopOwner63,ShopNameAddDiscount63
MemberNameRegister64,MemberNameLogin64,MemberNAmeOpenShop64,MemberNameAppointShopOwner64,MemberNameAddDiscount64,ShopNameOpenShop64,ShopNameAppointShopOwner64,ShopNameAddDiscount64
MemberNameRegister65,MemberNameLogin65,MemberNAmeOpenShop65,MemberNameAppointShopOwner65,MemberNameAddDiscount65,ShopNameOpenShop65,ShopNameAppointShopOwner65,ShopNameAddDiscount65
MemberNameRegister66,MemberNameLogin66,MemberNAmeOpenShop66,MemberNameAppointShopOwner66,MemberNameAddDiscount66,ShopNameOpenShop66,ShopNameAppointShopOwner66,ShopNameAddDiscount66
MemberNameRegister67,MemberNameLogin67,MemberNAmeOpenShop67,MemberNameAppointShopOwner67,MemberNameAddDiscount67,ShopNameOpenShop67,ShopNameAppointShopOwner67,ShopNameAddDiscount67
MemberNameRegister68,MemberNameLogin68,MemberNAmeOpenShop68,MemberNameAppointShopOwner68,MemberNameAddDiscount68,ShopNameOpenShop68,ShopNameAppointShopOwner68,ShopNameAddDiscount68
MemberNameRegister69,MemberNameLogin69,MemberNAmeOpenShop69,MemberNameAppointShopOwner69,MemberNameAddDiscount69,ShopNameOpenShop69,ShopNameAppointShopOwner69,ShopNameAddDiscount69
MemberNameRegister70,MemberNameLogin70,MemberNAmeOpenShop70,MemberNameAppointShopOwner70,MemberNameAddDiscount70,ShopNameOpenShop70,ShopNameAppointShopOwner70,ShopNameAddDiscount70
MemberNameRegister71,MemberNameLogin71,MemberNAmeOpenShop71,MemberNameAppointShopOwner71,MemberNameAddDiscount71,ShopNameOpenShop71,ShopNameAppointShopOwner71,ShopNameAddDiscount71
MemberNameRegister72,MemberNameLogin72,MemberNAmeOpenShop72,MemberNameAppointShopOwner72,MemberNameAddDiscount72,ShopNameOpenShop72,ShopNameAppointShopOwner72,ShopNameAddDiscount72
MemberNameRegister73,MemberNameLogin73,MemberNAmeOpenShop73,MemberNameAppointShopOwner73,MemberNameAddDiscount73,ShopNameOpenShop73,ShopNameAppointShopOwner73,ShopNameAddDiscount73
MemberNameRegister74,MemberNameLogin74,MemberNAmeOpenShop74,MemberNameAppointShopOwner74,MemberNameAddDiscount74,ShopNameOpenShop74,ShopNameAppointShopOwner74,ShopNameAddDiscount74
MemberNameRegister75,MemberNameLogin75,MemberNAmeOpenShop75,MemberNameAppointShopOwner75,MemberNameAddDiscount75,ShopNameOpenShop75,ShopNameAppointShopOwner75,ShopNameAddDiscount75
MemberNameRegister76,MemberNameLogin76,MemberNAmeOpenShop76,MemberNameAppointShopOwner76,MemberNameAddDiscount76,ShopNameOpenShop76,ShopNameAppointShopOwner76,ShopNameAddDiscount76
MemberNameRegister77,MemberNameLogin77,MemberNAmeOpenShop77,MemberNameAppointShopOwner77,MemberNameAddDiscount77,ShopNameOpenShop77,ShopNameAppointShopOwner77,ShopNameAddDiscount77
MemberNameRegister78,MemberNameLogin78,MemberNAmeOpenShop78,MemberNameAppointShopOwner78,MemberNameAddDiscount78,ShopNameOpenShop78,ShopNameAppointShopOwner78,ShopNameAddDiscount78
MemberNameRegister79,MemberNameLogin79,MemberNAmeOpenShop79,MemberNameAppointShopOwner79,MemberNameAddDiscount79,ShopNameOpenShop79,ShopNameAppointShopOwner79,ShopNameAddDiscount79
MemberNameRegister80,MemberNameLogin80,MemberNAmeOpenShop80,MemberNameAppointShopOwner80,MemberNameAddDiscount80,ShopNameOpenShop80,ShopNameAppointShopOwner80,ShopNameAddDiscount80
MemberNameRegister81,MemberNameLogin81,MemberNAmeOpenShop81,MemberNameAppointShopOwner81,MemberNameAddDiscount81,ShopNameOpenShop81,ShopNameAppointShopOwner81,ShopNameAddDiscount81
MemberNameRegister82,MemberNameLogin82,MemberNAmeOpenShop82,MemberNameAppointShopOwner82,MemberNameAddDiscount82,ShopNameOpenShop82,ShopNameAppointShopOwner82,ShopNameAddDiscount82
MemberNameRegister83,MemberNameLogin83,MemberNAmeOpenShop83,MemberNameAppointShopOwner83,MemberNameAddDiscount83,ShopNameOpenShop83,ShopNameAppointShopOwner83,ShopNameAddDiscount83
MemberNameRegister84,MemberNameLogin84,MemberNAmeOpenShop84,MemberNameAppointShopOwner84,MemberNameAddDiscount84,ShopNameOpenShop84,ShopNameAppointShopOwner84,ShopNameAddDiscount84
MemberNameRegister85,MemberNameLogin85,MemberNAmeOpenShop85,MemberNameAppointShopOwner85,MemberNameAddDiscount85,ShopNameOpenShop85,ShopNameAppointShopOwner85,ShopNameAddDiscount85
MemberNameRegister86,MemberNameLogin86,MemberNAmeOpenShop86,MemberNameAppointShopOwner86,MemberNameAddDiscount86,ShopNameOpenShop86,ShopNameAppointShopOwner86,ShopNameAddDiscount86
MemberNameRegister87,MemberNameLogin87,MemberNAmeOpenShop87,MemberNameAppointShopOwner87,MemberNameAddDiscount87,ShopNameOpenShop87,ShopNameAppointShopOwner87,ShopNameAddDiscount87
MemberNameRegister88,MemberNameLogin88,MemberNAmeOpenShop88,MemberNameAppointShopOwner88,MemberNameAddDiscount88,ShopNameOpenShop88,ShopNameAppointShopOwner88,ShopNameAddDiscount88
MemberNameRegister89,MemberNameLogin89,MemberNAmeOpenShop89,MemberNameAppointShopOwner89,MemberNameAddDiscount89,ShopNameOpenShop89,ShopNameAppointShopOwner89,ShopNameAddDiscount89
MemberNameRegister90,MemberNameLogin90,MemberNAmeOpenShop90,MemberNameAppointShopOwner90,MemberNameAddDiscount90,ShopNameOpenShop90,ShopNameAppointShopOwner90,ShopNameAddDiscount90
MemberNameRegister91,MemberNameLogin91,MemberNAmeOpenShop91,MemberNameAppointShopOwner91,MemberNameAddDiscount91,ShopNameOpenShop91,ShopNameAppointShopOwner91,ShopNameAddDiscount91
MemberNameRegister92,MemberNameLogin92,MemberNAmeOpenShop92,MemberNameAppointShopOwner92,MemberNameAddDiscount92,ShopNameOpenShop92,ShopNameAppointShopOwner92,ShopNameAddDiscount92
MemberNameRegister93,MemberNameLogin93,MemberNAmeOpenShop93,MemberNameAppointShopOwner93,MemberNameAddDiscount93,ShopNameOpenShop93,ShopNameAppointShopOwner93,ShopNameAddDiscount93
MemberNameRegister94,MemberNameLogin94,MemberNAmeOpenShop94,MemberNameAppointShopOwner94,MemberNameAddDiscount94,ShopNameOpenShop94,ShopNameAppointShopOwner94,ShopNameAddDiscount94
MemberNameRegister95,MemberNameLogin95,MemberNAmeOpenShop95,MemberNameAppointShopOwner95,MemberNameAddDiscount95,ShopNameOpenShop95,ShopNameAppointShopOwner95,ShopNameAddDiscount95
MemberNameRegister96,MemberNameLogin96,MemberNAmeOpenShop96,MemberNameAppointShopOwner96,MemberNameAddDiscount96,ShopNameOpenShop96,ShopNameAppointShopOwner96,ShopNameAddDiscount96
MemberNameRegister97,MemberNameLogin97,MemberNAmeOpenShop97,MemberNameAppointShopOwner97,MemberNameAddDiscount97,ShopNameOpenShop97,ShopNameAppointShopOwner97,ShopNameAddDiscount97
MemberNameRegister98,MemberNameLogin98,MemberNAmeOpenShop98,MemberNameAppointShopOwner98,MemberNameAddDiscount98,ShopNameOpenShop98,ShopNameAppointShopOwner98,ShopNameAddDiscount98
MemberNameRegister99,MemberNameLogin99,MemberNAmeOpenShop99,MemberNameAppointShopOwner99,MemberNameAddDiscount99,ShopNameOpenShop99,ShopNameAppointShopOwner99,ShopNameAddDiscount99
MemberNameRegister100,MemberNameLogin100,MemberNAmeOpenShop100,MemberNameAppointShopOwner100,MemberNameAddDiscount100,ShopNameOpenShop100,ShopNameAppointShopOwner100,ShopNameAddDiscount100
MemberNameRegister101,MemberNameLogin101,MemberNAmeOpenShop101,MemberNameAppointShopOwner101,MemberNameAddDiscount101,ShopNameOpenShop101,ShopNameAppointShopOwner101,ShopNameAddDiscount101
MemberNameRegister102,MemberNameLogin102,MemberNAmeOpenShop102,MemberNameAppointShopOwner102,MemberNameAddDiscount102,ShopNameOpenShop102,ShopNameAppointShopOwner102,ShopNameAddDiscount102
MemberNameRegister103,MemberNameLogin103,MemberNAmeOpenShop103,MemberNameAppointShopOwner103,MemberNameAddDiscount103,ShopNameOpenShop103,ShopNameAppointShopOwner103,ShopNameAddDiscount103
MemberNameRegister104,MemberNameLogin104,MemberNAmeOpenShop104,MemberNameAppointShopOwner104,MemberNameAddDiscount104,ShopNameOpenShop104,ShopNameAppointShopOwner104,ShopNameAddDiscount104
MemberNameRegister105,MemberNameLogin105,MemberNAmeOpenShop105,MemberNameAppointShopOwner105,MemberNameAddDiscount105,ShopNameOpenShop105,ShopNameAppointShopOwner105,ShopNameAddDiscount105
MemberNameRegister106,MemberNameLogin106,MemberNAmeOpenShop106,MemberNameAppointShopOwner106,MemberNameAddDiscount106,ShopNameOpenShop106,ShopNameAppointShopOwner106,ShopNameAddDiscount106
MemberNameRegister107,MemberNameLogin107,MemberNAmeOpenShop107,MemberNameAppointShopOwner107,MemberNameAddDiscount107,ShopNameOpenShop107,ShopNameAppointShopOwner107,ShopNameAddDiscount107
MemberNameRegister108,MemberNameLogin108,MemberNAmeOpenShop108,MemberNameAppointShopOwner108,MemberNameAddDiscount108,ShopNameOpenShop108,ShopNameAppointShopOwner108,ShopNameAddDiscount108
MemberNameRegister109,MemberNameLogin109,MemberNAmeOpenShop109,MemberNameAppointShopOwner109,MemberNameAddDiscount109,ShopNameOpenShop109,ShopNameAppointShopOwner109,ShopNameAddDiscount109
MemberNameRegister110,MemberNameLogin110,MemberNAmeOpenShop110,MemberNameAppointShopOwner110,MemberNameAddDiscount110,ShopNameOpenShop110,ShopNameAppointShopOwner110,ShopNameAddDiscount110
MemberNameRegister111,MemberNameLogin111,MemberNAmeOpenShop111,MemberNameAppointShopOwner111,MemberNameAddDiscount111,ShopNameOpenShop111,ShopNameAppointShopOwner111,ShopNameAddDiscount111
MemberNameRegister112,MemberNameLogin112,MemberNAmeOpenShop112,MemberNameAppointShopOwner112,MemberNameAddDiscount112,ShopNameOpenShop112,ShopNameAppointShopOwner112,ShopNameAddDiscount112
MemberNameRegister113,MemberNameLogin113,MemberNAmeOpenShop113,MemberNameAppointShopOwner113,MemberNameAddDiscount113,ShopNameOpenShop113,ShopNameAppointShopOwner113,ShopNameAddDiscount113
MemberNameRegister114,MemberNameLogin114,MemberNAmeOpenShop114,MemberNameAppointShopOwner114,MemberNameAddDiscount114,ShopNameOpenShop114,ShopNameAppointShopOwner114,ShopNameAddDiscount114
MemberNameRegister115,MemberNameLogin115,MemberNAmeOpenShop115,MemberNameAppointShopOwner115,MemberNameAddDiscount115,ShopNameOpenShop115,ShopNameAppointShopOwner115,ShopNameAddDiscount115
MemberNameRegister116,MemberNameLogin116,MemberNAmeOpenShop116,MemberNameAppointShopOwner116,MemberNameAddDiscount116,ShopNameOpenShop116,ShopNameAppointShopOwner116,ShopNameAddDiscount116
MemberNameRegister117,MemberNameLogin117,MemberNAmeOpenShop117,MemberNameAppointShopOwner117,MemberNameAddDiscount117,ShopNameOpenShop117,ShopNameAppointShopOwner117,ShopNameAddDiscount117
MemberNameRegister118,MemberNameLogin118,MemberNAmeOpenShop118,MemberNameAppointShopOwner118,MemberNameAddDiscount118,ShopNameOpenShop118,ShopNameAppointShopOwner118,ShopNameAddDiscount118
MemberNameRegister119,MemberNameLogin119,MemberNAmeOpenShop119,MemberNameAppointShopOwner119,MemberNameAddDiscount119,ShopNameOpenShop119,ShopNameAppointShopOwner119,ShopNameAddDiscount119
MemberNameRegister120,MemberNameLogin120,MemberNAmeOpenShop120,MemberNameAppointShopOwner120,MemberNameAddDiscount120,ShopNameOpenShop120,ShopNameAppointShopOwner120,ShopNameAddDiscount120
MemberNameRegister121,MemberNameLogin121,MemberNAmeOpenShop121,MemberNameAppointShopOwner121,MemberNameAddDiscount121,ShopNameOpenShop121,ShopNameAppointShopOwner121,ShopNameAddDiscount121
MemberNameRegister122,MemberNameLogin122,MemberNAmeOpenShop122,MemberNameAppointShopOwner122,MemberNameAddDiscount122,ShopNameOpenShop122,ShopNameAppointShopOwner122,ShopNameAddDiscount122
MemberNameRegister123,MemberNameLogin123,MemberNAmeOpenShop123,MemberNameAppointShopOwner123,MemberNameAddDiscount123,ShopNameOpenShop123,ShopNameAppointShopOwner123,ShopNameAddDiscount123
MemberNameRegister124,MemberNameLogin124,MemberNAmeOpenShop124,MemberNameAppointShopOwner124,MemberNameAddDiscount124,ShopNameOpenShop124,ShopNameAppointShopOwner124,ShopNameAddDiscount124
MemberNameRegister125,MemberNameLogin125,MemberNAmeOpenShop125,MemberNameAppointShopOwner125,MemberNameAddDiscount125,ShopNameOpenShop125,ShopNameAppointShopOwner125,ShopNameAddDiscount125
MemberNameRegister126,MemberNameLogin126,MemberNAmeOpenShop126,MemberNameAppointShopOwner126,MemberNameAddDiscount126,ShopNameOpenShop126,ShopNameAppointShopOwner126,ShopNameAddDiscount126
MemberNameRegister127,MemberNameLogin127,MemberNAmeOpenShop127,MemberNameAppointShopOwner127,MemberNameAddDiscount127,ShopNameOpenShop127,ShopNameAppointShopOwner127,ShopNameAddDiscount127
MemberNameRegister128,MemberNameLogin128,MemberNAmeOpenShop128,MemberNameAppointShopOwner128,MemberNameAddDiscount128,ShopNameOpenShop128,ShopNameAppointShopOwner128,ShopNameAddDiscount128
MemberNameRegister129,MemberNameLogin129,MemberNAmeOpenShop129,MemberNameAppointShopOwner129,MemberNameAddDiscount129,ShopNameOpenShop129,ShopNameAppointShopOwner129,ShopNameAddDiscount129
MemberNameRegister130,MemberNameLogin130,MemberNAmeOpenShop130,MemberNameAppointShopOwner130,MemberNameAddDiscount130,ShopNameOpenShop130,ShopNameAppointShopOwner130,ShopNameAddDiscount130
MemberNameRegister131,MemberNameLogin131,MemberNAmeOpenShop131,MemberNameAppointShopOwner131,MemberNameAddDiscount131,ShopNameOpenShop131,ShopNameAppointShopOwner131,ShopNameAddDiscount131
MemberNameRegister132,MemberNameLogin132,MemberNAmeOpenShop132,MemberNameAppointShopOwner132,MemberNameAddDiscount132,ShopNameOpenShop132,ShopNameAppointShopOwner132,ShopNameAddDiscount132
MemberNameRegister133,MemberNameLogin133,MemberNAmeOpenShop133,MemberNameAppointShopOwner133,MemberNameAddDiscount133,ShopNameOpenShop133,ShopNameAppointShopOwner133,ShopNameAddDiscount133
MemberNameRegister134,MemberNameLogin134,MemberNAmeOpenShop134,MemberNameAppointShopOwner134,MemberNameAddDiscount134,ShopNameOpenShop134,ShopNameAppointShopOwner134,ShopNameAddDiscount134
MemberNameRegister135,MemberNameLogin135,MemberNAmeOpenShop135,MemberNameAppointShopOwner135,MemberNameAddDiscount135,ShopNameOpenShop135,ShopNameAppointShopOwner135,ShopNameAddDiscount135
MemberNameRegister136,MemberNameLogin136,MemberNAmeOpenShop136,MemberNameAppointShopOwner136,MemberNameAddDiscount136,ShopNameOpenShop136,ShopNameAppointShopOwner136,ShopNameAddDiscount136
MemberNameRegister137,MemberNameLogin137,MemberNAmeOpenShop137,MemberNameAppointShopOwner137,MemberNameAddDiscount137,ShopNameOpenShop137,ShopNameAppointShopOwner137,ShopNameAddDiscount137
MemberNameRegister138,MemberNameLogin138,MemberNAmeOpenShop138,MemberNameAppointShopOwner138,MemberNameAddDiscount138,ShopNameOpenShop138,ShopNameAppointShopOwner138,ShopNameAddDiscount138
MemberNameRegister139,MemberNameLogin139,MemberNAmeOpenShop139,MemberNameAppointShopOwner139,MemberNameAddDiscount139,ShopNameOpenShop139,ShopNameAppointShopOwner139,ShopNameAddDiscount139
MemberNameRegister140,MemberNameLogin140,MemberNAmeOpenShop140,MemberNameAppointShopOwner140,MemberNameAddDiscount140,ShopNameOpenShop140,ShopNameAppointShopOwner140,ShopNameAddDiscount140
MemberNameRegister141,MemberNameLogin141,MemberNAmeOpenShop141,MemberNameAppointShopOwner141,MemberNameAddDiscount141,ShopNameOpenShop141,ShopNameAppointShopOwner141,ShopNameAddDiscount141
MemberNameRegister142,MemberNameLogin142,MemberNAmeOpenShop142,MemberNameAppointShopOwner142,MemberNameAddDiscount142,ShopNameOpenShop142,ShopNameAppointShopOwner142,ShopNameAddDiscount142
MemberNameRegister143,MemberNameLogin143,MemberNAmeOpenShop143,MemberNameAppointShopOwner143,MemberNameAddDiscount143,ShopNameOpenShop143,ShopNameAppointShopOwner143,ShopNameAddDiscount143
MemberNameRegister144,MemberNameLogin144,MemberNAmeOpenShop144,MemberNameAppointShopOwner144,MemberNameAddDiscount144,ShopNameOpenShop144,ShopNameAppointShopOwner144,ShopNameAddDiscount144
MemberNameRegister145,MemberNameLogin145,MemberNAmeOpenShop145,MemberNameAppointShopOwner145,MemberNameAddDiscount145,ShopNameOpenShop145,ShopNameAppointShopOwner145,ShopNameAddDiscount145
MemberNameRegister146,MemberNameLogin146,MemberNAmeOpenShop146,MemberNameAppointShopOwner146,MemberNameAddDiscount146,ShopNameOpenShop146,ShopNameAppointShopOwner146,ShopNameAddDiscount146
MemberNameRegister147,MemberNameLogin147,MemberNAmeOpenShop147,MemberNameAppointShopOwner147,MemberNameAddDiscount147,ShopNameOpenShop147,ShopNameAppointShopOwner147,ShopNameAddDiscount147
MemberNameRegister148,MemberNameLogin148,MemberNAmeOpenShop148,MemberNameAppointShopOwner148,MemberNameAddDiscount148,ShopNameOpenShop148,ShopNameAppointShopOwner148,ShopNameAddDiscount148
MemberNameRegister149,MemberNameLogin149,MemberNAmeOpenShop149,MemberNameAppointShopOwner149,MemberNameAddDiscount149,ShopNameOpenShop149,ShopNameAppointShopOwner149,ShopNameAddDiscount149
MemberNameRegister150,MemberNameLogin150,MemberNAmeOpenShop150,MemberNameAppointShopOwner150,MemberNameAddDiscount150,ShopNameOpenShop150,ShopNameAppointShopOwner150,ShopNameAddDiscount150
MemberNameRegister151,MemberNameLogin151,MemberNAmeOpenShop151,MemberNameAppointShopOwner151,MemberNameAddDiscount151,ShopNameOpenShop151,ShopNameAppointShopOwner151,ShopNameAddDiscount151
MemberNameRegister152,MemberNameLogin152,MemberNAmeOpenShop152,MemberNameAppointShopOwner152,MemberNameAddDiscount152,ShopNameOpenShop152,ShopNameAppointShopOwner152,ShopNameAddDiscount152
MemberNameRegister153,MemberNameLogin153,MemberNAmeOpenShop153,MemberNameAppointShopOwner153,MemberNameAddDiscount153,ShopNameOpenShop153,ShopNameAppointShopOwner153,ShopNameAddDiscount153
MemberNameRegister154,MemberNameLogin154,MemberNAmeOpenShop154,MemberNameAppointShopOwner154,MemberNameAddDiscount154,ShopNameOpenShop154,ShopNameAppointShopOwner154,ShopNameAddDiscount154
MemberNameRegister155,MemberNameLogin155,MemberNAmeOpenShop155,MemberNameAppointShopOwner155,MemberNameAddDiscount155,ShopNameOpenShop155,ShopNameAppointShopOwner155,ShopNameAddDiscount155
MemberNameRegister156,MemberNameLogin156,MemberNAmeOpenShop156,MemberNameAppointShopOwner156,MemberNameAddDiscount156,ShopNameOpenShop156,ShopNameAppointShopOwner156,ShopNameAddDiscount156
MemberNameRegister157,MemberNameLogin157,MemberNAmeOpenShop157,MemberNameAppointShopOwner157,MemberNameAddDiscount157,ShopNameOpenShop157,ShopNameAppointShopOwner157,ShopNameAddDiscount157
MemberNameRegister158,MemberNameLogin158,MemberNAmeOpenShop158,MemberNameAppointShopOwner158,MemberNameAddDiscount158,ShopNameOpenShop158,ShopNameAppointShopOwner158,ShopNameAddDiscount158
MemberNameRegister159,MemberNameLogin159,MemberNAmeOpenShop159,MemberNameAppointShopOwner159,MemberNameAddDiscount159,ShopNameOpenShop159,ShopNameAppointShopOwner159,ShopNameAddDiscount159
MemberNameRegister160,MemberNameLogin160,MemberNAmeOpenShop160,MemberNameAppointShopOwner160,MemberNameAddDiscount160,ShopNameOpenShop160,ShopNameAppointShopOwner160,ShopNameAddDiscount160
MemberNameRegister161,MemberNameLogin161,MemberNAmeOpenShop161,MemberNameAppointShopOwner161,MemberNameAddDiscount161,ShopNameOpenShop161,ShopNameAppointShopOwner161,ShopNameAddDiscount161
MemberNameRegister162,MemberNameLogin162,MemberNAmeOpenShop162,MemberNameAppointShopOwner162,MemberNameAddDiscount162,ShopNameOpenShop162,ShopNameAppointShopOwner162,ShopNameAddDiscount162
MemberNameRegister163,MemberNameLogin163,MemberNAmeOpenShop163,MemberNameAppointShopOwner163,MemberNameAddDiscount163,ShopNameOpenShop163,ShopNameAppointShopOwner163,ShopNameAddDiscount163
MemberNameRegister164,MemberNameLogin164,MemberNAmeOpenShop164,MemberNameAppointShopOwner164,MemberNameAddDiscount164,ShopNameOpenShop164,ShopNameAppointShopOwner164,ShopNameAddDiscount164
MemberNameRegister165,MemberNameLogin165,MemberNAmeOpenShop165,MemberNameAppointShopOwner165,MemberNameAddDiscount165,ShopNameOpenShop165,ShopNameAppointShopOwner165,ShopNameAddDiscount165
MemberNameRegister166,MemberNameLogin166,MemberNAmeOpenShop166,MemberNameAppointShopOwner166,MemberNameAddDiscount166,ShopNameOpenShop166,ShopNameAppointShopOwner166,ShopNameAddDiscount166
MemberNameRegister167,MemberNameLogin167,MemberNAmeOpenShop167,MemberNameAppointShopOwner167,MemberNameAddDiscount167,ShopNameOpenShop167,ShopNameAppointShopOwner167,ShopNameAddDiscount167
MemberNameRegister168,MemberNameLogin168,MemberNAmeOpenShop168,MemberNameAppointShopOwner168,MemberNameAddDiscount168,ShopNameOpenShop168,ShopNameAppointShopOwner168,ShopNameAddDiscount168
MemberNameRegister169,MemberNameLogin169,MemberNAmeOpenShop169,MemberNameAppointShopOwner169,MemberNameAddDiscount169,ShopNameOpenShop169,ShopNameAppointShopOwner169,ShopNameAddDiscount169
MemberNameRegister170,MemberNameLogin170,MemberNAmeOpenShop170,MemberNameAppointShopOwner170,MemberNameAddDiscount170,ShopNameOpenShop170,ShopNameAppointShopOwner170,ShopNameAddDiscount170
MemberNameRegister171,MemberNameLogin171,MemberNAmeOpenShop171,MemberNameAppointShopOwner171,MemberNameAddDiscount171,ShopNameOpenShop171,ShopNameAppointShopOwner171,ShopNameAddDiscount171
MemberNameRegister172,MemberNameLogin172,MemberNAmeOpenShop172,MemberNameAppointShopOwner172,MemberNameAddDiscount172,ShopNameOpenShop172,ShopNameAppointShopOwner172,ShopNameAddDiscount172
MemberNameRegister173,MemberNameLogin173,MemberNAmeOpenShop173,MemberNameAppointShopOwner173,MemberNameAddDiscount173,ShopNameOpenShop173,ShopNameAppointShopOwner173,ShopNameAddDiscount173
MemberNameRegister174,MemberNameLogin174,MemberNAmeOpenShop174,MemberNameAppointShopOwner174,MemberNameAddDiscount174,ShopNameOpenShop174,ShopNameAppointShopOwner174,ShopNameAddDiscount174
MemberNameRegister175,MemberNameLogin175,MemberNAmeOpenShop175,MemberNameAppointShopOwner175,MemberNameAddDiscount175,ShopNameOpenShop175,ShopNameAppointShopOwner175,ShopNameAddDiscount175
MemberNameRegister176,MemberNameLogin176,MemberNAmeOpenShop176,MemberNameAppointShopOwner176,MemberNameAddDiscount176,ShopNameOpenShop176,ShopNameAppointShopOwner176,ShopNameAddDiscount176
MemberNameRegister177,MemberNameLogin177,MemberNAmeOpenShop177,MemberNameAppointShopOwner177,MemberNameAddDiscount177,ShopNameOpenShop177,ShopNameAppointShopOwner177,ShopNameAddDiscount177
MemberNameRegister178,MemberNameLogin178,MemberNAmeOpenShop178,MemberNameAppointShopOwner178,MemberNameAddDiscount178,ShopNameOpenShop178,ShopNameAppointShopOwner178,ShopNameAddDiscount178
MemberNameRegister179,MemberNameLogin179,MemberNAmeOpenShop179,MemberNameAppointShopOwner179,MemberNameAddDiscount179,ShopNameOpenShop179,ShopNameAppointShopOwner179,ShopNameAddDiscount179
MemberNameRegister180,MemberNameLogin180,MemberNAmeOpenShop180,MemberNameAppointShopOwner180,MemberNameAddDiscount180,ShopNameOpenShop180,ShopNameAppointShopOwner180,ShopNameAddDiscount180
MemberNameRegister181,MemberNameLogin181,MemberNAmeOpenShop181,MemberNameAppointShopOwner181,MemberNameAddDiscount181,ShopNameOpenShop181,ShopNameAppointShopOwner181,ShopNameAddDiscount181
MemberNameRegister182,MemberNameLogin182,MemberNAmeOpenShop182,MemberNameAppointShopOwner182,MemberNameAddDiscount182,ShopNameOpenShop182,ShopNameAppointShopOwner182,ShopNameAddDiscount182
MemberNameRegister183,MemberNameLogin183,MemberNAmeOpenShop183,MemberNameAppointShopOwner183,MemberNameAddDiscount183,ShopNameOpenShop183,ShopNameAppointShopOwner183,ShopNameAddDiscount183
MemberNameRegister184,MemberNameLogin184,MemberNAmeOpenShop184,MemberNameAppointShopOwner184,MemberNameAddDiscount184,ShopNameOpenShop184,ShopNameAppointShopOwner184,ShopNameAddDiscount184
MemberNameRegister185,MemberNameLogin185,MemberNAmeOpenShop185,MemberNameAppointShopOwner185,MemberNameAddDiscount185,ShopNameOpenShop185,ShopNameAppointShopOwner185,ShopNameAddDiscount185
MemberNameRegister186,MemberNameLogin186,MemberNAmeOpenShop186,MemberNameAppointShopOwner186,MemberNameAddDiscount186,ShopNameOpenShop186,ShopNameAppointShopOwner186,ShopNameAddDiscount186
MemberNameRegister187,MemberNameLogin187,MemberNAmeOpenShop187,MemberNameAppointShopOwner187,MemberNameAddDiscount187,ShopNameOpenShop187,ShopNameAppointShopOwner187,ShopNameAddDiscount187
MemberNameRegister188,MemberNameLogin188,MemberNAmeOpenShop188,MemberNameAppointShopOwner188,MemberNameAddDiscount188,ShopNameOpenShop188,ShopNameAppointShopOwner188,ShopNameAddDiscount188
MemberNameRegister189,MemberNameLogin189,MemberNAmeOpenShop189,MemberNameAppointShopOwner189,MemberNameAddDiscount189,ShopNameOpenShop189,ShopNameAppointShopOwner189,ShopNameAddDiscount189
MemberNameRegister190,MemberNameLogin190,MemberNAmeOpenShop190,MemberNameAppointShopOwner190,MemberNameAddDiscount190,ShopNameOpenShop190,ShopNameAppointShopOwner190,ShopNameAddDiscount190
MemberNameRegister191,MemberNameLogin191,MemberNAmeOpenShop191,MemberNameAppointShopOwner191,MemberNameAddDiscount191,ShopNameOpenShop191,ShopNameAppointShopOwner191,ShopNameAddDiscount191
MemberNameRegister192,MemberNameLogin192,MemberNAmeOpenShop192,MemberNameAppointShopOwner192,MemberNameAddDiscount192,ShopNameOpenShop192,ShopNameAppointShopOwner192,ShopNameAddDiscount192
MemberNameRegister193,MemberNameLogin193,MemberNAmeOpenShop193,MemberNameAppointShopOwner193,MemberNameAddDiscount193,ShopNameOpenShop193,ShopNameAppointShopOwner193,ShopNameAddDiscount193
MemberNameRegister194,MemberNameLogin194,MemberNAmeOpenShop194,MemberNameAppointShopOwner194,MemberNameAddDiscount194,ShopNameOpenShop194,ShopNameAppointShopOwner194,ShopNameAddDiscount194
MemberNameRegister195,MemberNameLogin195,MemberNAmeOpenShop195,MemberNameAppointShopOwner195,MemberNameAddDiscount195,ShopNameOpenShop195,ShopNameAppointShopOwner195,ShopNameAddDiscount195
MemberNameRegister196,MemberNameLogin196,MemberNAmeOpenShop196,MemberNameAppointShopOwner196,MemberNameAddDiscount196,ShopNameOpenShop196,ShopNameAppointShopOwner196,ShopNameAddDiscount196
MemberNameRegister197,MemberNameLogin197,MemberNAmeOpenShop197,MemberNameAppointShopOwner197,MemberNameAddDiscount197,ShopNameOpenShop197,ShopNameAppointShopOwner197,ShopNameAddDiscount197
MemberNameRegister198,MemberNameLogin198,MemberNAmeOpenShop198,MemberNameAppointShopOwner198,MemberNameAddDiscount198,ShopNameOpenShop198,ShopNameAppointShopOwner198,ShopNameAddDiscount198
MemberNameRegister199,MemberNameLogin199,MemberNAmeOpenShop199,MemberNameAppointShopOwner199,MemberNameAddDiscount199,ShopNameOpenShop199,ShopNameAppointShopOwner199,ShopNameAddDiscount199
MemberNameRegister200,MemberNameLogin200,MemberNAmeOpenShop200,MemberNameAppointShopOwner200,MemberNameAddDiscount200,ShopNameOpenShop200,ShopNameAppointShopOwner200,ShopNameAddDiscount200
MemberNameRegister201,MemberNameLogin201,MemberNAmeOpenShop201,MemberNameAppointShopOwner201,MemberNameAddDiscount201,ShopNameOpenShop201,ShopNameAppointShopOwner201,ShopNameAddDiscount201
MemberNameRegister202,MemberNameLogin202,MemberNAmeOpenShop202,MemberNameAppointShopOwner202,MemberNameAddDiscount202,ShopNameOpenShop202,ShopNameAppointShopOwner202,ShopNameAddDiscount202
MemberNameRegister203,MemberNameLogin203,MemberNAmeOpenShop203,MemberNameAppointShopOwner203,MemberNameAddDiscount203,ShopNameOpenShop203,ShopNameAppointShopOwner203,ShopNameAddDiscount203
MemberNameRegister204,MemberNameLogin204,MemberNAmeOpenShop204,MemberNameAppointShopOwner204,MemberNameAddDiscount204,ShopNameOpenShop204,ShopNameAppointShopOwner204,ShopNameAddDiscount204
MemberNameRegister205,MemberNameLogin205,MemberNAmeOpenShop205,MemberNameAppointShopOwner205,MemberNameAddDiscount205,ShopNameOpenShop205,ShopNameAppointShopOwner205,ShopNameAddDiscount205
MemberNameRegister206,MemberNameLogin206,MemberNAmeOpenShop206,MemberNameAppointShopOwner206,MemberNameAddDiscount206,ShopNameOpenShop206,ShopNameAppointShopOwner206,ShopNameAddDiscount206
MemberNameRegister207,MemberNameLogin207,MemberNAmeOpenShop207,MemberNameAppointShopOwner207,MemberNameAddDiscount207,ShopNameOpenShop207,ShopNameAppointShopOwner207,ShopNameAddDiscount207
MemberNameRegister208,MemberNameLogin208,MemberNAmeOpenShop208,MemberNameAppointShopOwner208,MemberNameAddDiscount208,ShopNameOpenShop208,ShopNameAppointShopOwner208,ShopNameAddDiscount208
MemberNameRegister209,MemberNameLogin209,MemberNAmeOpenShop209,MemberNameAppointShopOwner209,MemberNameAddDiscount209,ShopNameOpenShop209,ShopNameAppointShopOwner209,ShopNameAddDiscount209
MemberNameRegister210,MemberNameLogin210,MemberNAmeOpenShop210,MemberNameAppointShopOwner210,MemberNameAddDiscount210,ShopNameOpenShop210,ShopNameAppointShopOwner210,ShopNameAddDiscount210
MemberNameRegister211,MemberNameLogin211,MemberNAmeOpenShop211,MemberNameAppointShopOwner211,MemberNameAddDiscount211,ShopNameOpenShop211,ShopNameAppointShopOwner211,ShopNameAddDiscount211
MemberNameRegister212,MemberNameLogin212,MemberNAmeOpenShop212,MemberNameAppointShopOwner212,MemberNameAddDiscount212,ShopNameOpenShop212,ShopNameAppointShopOwner212,ShopNameAddDiscount212
MemberNameRegister213,MemberNameLogin213,MemberNAmeOpenShop213,MemberNameAppointShopOwner213,MemberNameAddDiscount213,ShopNameOpenShop213,ShopNameAppointShopOwner213,ShopNameAddDiscount213
MemberNameRegister214,MemberNameLogin214,MemberNAmeOpenShop214,MemberNameAppointShopOwner214,MemberNameAddDiscount214,ShopNameOpenShop214,ShopNameAppointShopOwner214,ShopNameAddDiscount214
MemberNameRegister215,MemberNameLogin215,MemberNAmeOpenShop215,MemberNameAppointShopOwner215,MemberNameAddDiscount215,ShopNameOpenShop215,ShopNameAppointShopOwner215,ShopNameAddDiscount215
MemberNameRegister216,MemberNameLogin216,MemberNAmeOpenShop216,MemberNameAppointShopOwner216,MemberNameAddDiscount216,ShopNameOpenShop216,ShopNameAppointShopOwner216,ShopNameAddDiscount216
MemberNameRegister217,MemberNameLogin217,MemberNAmeOpenShop217,MemberNameAppointShopOwner217,MemberNameAddDiscount217,ShopNameOpenShop217,ShopNameAppointShopOwner217,ShopNameAddDiscount217
MemberNameRegister218,MemberNameLogin218,MemberNAmeOpenShop218,MemberNameAppointShopOwner218,MemberNameAddDiscount218,ShopNameOpenShop218,ShopNameAppointShopOwner218,ShopNameAddDiscount218
MemberNameRegister219,MemberNameLogin219,MemberNAmeOpenShop219,MemberNameAppointShopOwner219,MemberNameAddDiscount219,ShopNameOpenShop219,ShopNameAppointShopOwner219,ShopNameAddDiscount219
MemberNameRegister220,MemberNameLogin220,MemberNAmeOpenShop220,MemberNameAppointShopOwner220,MemberNameAddDiscount220,ShopNameOpenShop220,ShopNameAppointShopOwner220,ShopNameAddDiscount220
MemberNameRegister221,MemberNameLogin221,MemberNAmeOpenShop221,MemberNameAppointShopOwner221,MemberNameAddDiscount221,ShopNameOpenShop221,ShopNameAppointShopOwner221,ShopNameAddDiscount221
MemberNameRegister222,MemberNameLogin222,MemberNAmeOpenShop222,MemberNameAppointShopOwner222,MemberNameAddDiscount222,ShopNameOpenShop222,ShopNameAppointShopOwner222,ShopNameAddDiscount222
MemberNameRegister223,MemberNameLogin223,MemberNAmeOpenShop223,MemberNameAppointShopOwner223,MemberNameAddDiscount223,ShopNameOpenShop223,ShopNameAppointShopOwner223,ShopNameAddDiscount223
MemberNameRegister224,MemberNameLogin224,MemberNAmeOpenShop224,MemberNameAppointShopOwner224,MemberNameAddDiscount224,ShopNameOpenShop224,ShopNameAppointShopOwner224,ShopNameAddDiscount224
MemberNameRegister225,MemberNameLogin225,MemberNAmeOpenShop225,MemberNameAppointShopOwner225,MemberNameAddDiscount225,ShopNameOpenShop225,ShopNameAppointShopOwner225,ShopNameAddDiscount225
MemberNameRegister226,MemberNameLogin226,MemberNAmeOpenShop226,MemberNameAppointShopOwner226,MemberNameAddDiscount226,ShopNameOpenShop226,ShopNameAppointShopOwner226,ShopNameAddDiscount226
MemberNameRegister227,MemberNameLogin227,MemberNAmeOpenShop227,MemberNameAppointShopOwner227,MemberNameAddDiscount227,ShopNameOpenShop227,ShopNameAppointShopOwner227,ShopNameAddDiscount227
MemberNameRegister228,MemberNameLogin228,MemberNAmeOpenShop228,MemberNameAppointShopOwner228,MemberNameAddDiscount228,ShopNameOpenShop228,ShopNameAppointShopOwner228,ShopNameAddDiscount228
MemberNameRegister229,MemberNameLogin229,MemberNAmeOpenShop229,MemberNameAppointShopOwner229,MemberNameAddDiscount229,ShopNameOpenShop229,ShopNameAppointShopOwner229,ShopNameAddDiscount229
MemberNameRegister230,MemberNameLogin230,MemberNAmeOpenShop230,MemberNameAppointShopOwner230,MemberNameAddDiscount230,ShopNameOpenShop230,ShopNameAppointShopOwner230,ShopNameAddDiscount230
MemberNameRegister231,MemberNameLogin231,MemberNAmeOpenShop231,MemberNameAppointShopOwner231,MemberNameAddDiscount231,ShopNameOpenShop231,ShopNameAppointShopOwner231,ShopNameAddDiscount231
MemberNameRegister232,MemberNameLogin232,MemberNAmeOpenShop232,MemberNameAppointShopOwner232,MemberNameAddDiscount232,ShopNameOpenShop232,ShopNameAppointShopOwner232,ShopNameAddDiscount232
MemberNameRegister233,MemberNameLogin233,MemberNAmeOpenShop233,MemberNameAppointShopOwner233,MemberNameAddDiscount233,ShopNameOpenShop233,ShopNameAppointShopOwner233,ShopNameAddDiscount233
MemberNameRegister234,MemberNameLogin234,MemberNAmeOpenShop234,MemberNameAppointShopOwner234,MemberNameAddDiscount234,ShopNameOpenShop234,ShopNameAppointShopOwner234,ShopNameAddDiscount234
MemberNameRegister235,MemberNameLogin235,MemberNAmeOpenShop235,MemberNameAppointShopOwner235,MemberNameAddDiscount235,ShopNameOpenShop235,ShopNameAppointShopOwner235,ShopNameAddDiscount235
MemberNameRegister236,MemberNameLogin236,MemberNAmeOpenShop236,MemberNameAppointShopOwner236,MemberNameAddDiscount236,ShopNameOpenShop236,ShopNameAppointShopOwner236,ShopNameAddDiscount236
MemberNameRegister237,MemberNameLogin237,MemberNAmeOpenShop237,MemberNameAppointShopOwner237,MemberNameAddDiscount237,ShopNameOpenShop237,ShopNameAppointShopOwner237,ShopNameAddDiscount237
MemberNameRegister238,MemberNameLogin238,MemberNAmeOpenShop238,MemberNameAppointShopOwner238,MemberNameAddDiscount238,ShopNameOpenShop238,ShopNameAppointShopOwner238,ShopNameAddDiscount238
MemberNameRegister239,MemberNameLogin239,MemberNAmeOpenShop239,MemberNameAppointShopOwner239,MemberNameAddDiscount239,ShopNameOpenShop239,ShopNameAppointShopOwner239,ShopNameAddDiscount239
MemberNameRegister240,MemberNameLogin240,MemberNAmeOpenShop240,MemberNameAppointShopOwner240,MemberNameAddDiscount240,ShopNameOpenShop240,ShopNameAppointShopOwner240,ShopNameAddDiscount240
MemberNameRegister241,MemberNameLogin241,MemberNAmeOpenShop241,MemberNameAppointShopOwner241,MemberNameAddDiscount241,ShopNameOpenShop241,ShopNameAppointShopOwner241,ShopNameAddDiscount241
MemberNameRegister242,MemberNameLogin242,MemberNAmeOpenShop242,MemberNameAppointShopOwner242,MemberNameAddDiscount242,ShopNameOpenShop242,ShopNameAppointShopOwner242,ShopNameAddDiscount242
MemberNameRegister243,MemberNameLogin243,MemberNAmeOpenShop243,MemberNameAppointShopOwner243,MemberNameAddDiscount243,ShopNameOpenShop243,ShopNameAppointShopOwner243,ShopNameAddDiscount243
MemberNameRegister244,MemberNameLogin244,MemberNAmeOpenShop244,MemberNameAppointShopOwner244,MemberNameAddDiscount244,ShopNameOpenShop244,ShopNameAppointShopOwner244,ShopNameAddDiscount244
MemberNameRegister245,MemberNameLogin245,MemberNAmeOpenShop245,MemberNameAppointShopOwner245,MemberNameAddDiscount245,ShopNameOpenShop245,ShopNameAppointShopOwner245,ShopNameAddDiscount245
MemberNameRegister246,MemberNameLogin246,MemberNAmeOpenShop246,MemberNameAppointShopOwner246,MemberNameAddDiscount246,ShopNameOpenShop246,ShopNameAppointShopOwner246,ShopNameAddDiscount246
MemberNameRegister247,MemberNameLogin247,MemberNAmeOpenShop247,MemberNameAppointShopOwner247,MemberNameAddDiscount247,ShopNameOpenShop247,ShopNameAppointShopOwner247,ShopNameAddDiscount247
MemberNameRegister248,MemberNameLogin248,MemberNAmeOpenShop248,MemberNameAppointShopOwner248,MemberNameAddDiscount248,ShopNameOpenShop248,ShopNameAppointShopOwner248,ShopNameAddDiscount248
MemberNameRegister249,MemberNameLogin249,MemberNAmeOpenShop249,MemberNameAppointShopOwner249,MemberNameAddDiscount249,ShopNameOpenShop249,ShopNameAppointShopOwner249,ShopNameAddDiscount249
MemberNameRegister250,MemberNameLogin250,MemberNAmeOpenShop250,MemberNameAppointShopOwner250,MemberNameAddDiscount250,ShopNameOpenShop250,ShopNameAppointShopOwner250,ShopNameAddDiscount250
MemberNameRegister251,MemberNameLogin251,MemberNAmeOpenShop251,MemberNameAppointShopOwner251,MemberNameAddDiscount251,ShopNameOpenShop251,ShopNameAppointShopOwner251,ShopNameAddDiscount251
MemberNameRegister252,MemberNameLogin252,MemberNAmeOpenShop252,MemberNameAppointShopOwner252,MemberNameAddDiscount252,ShopNameOpenShop252,ShopNameAppointShopOwner252,ShopNameAddDiscount252
MemberNameRegister253,MemberNameLogin253,MemberNAmeOpenShop253,MemberNameAppointShopOwner253,MemberNameAddDiscount253,ShopNameOpenShop253,ShopNameAppointShopOwner253,ShopNameAddDiscount253
MemberNameRegister254,MemberNameLogin254,MemberNAmeOpenShop254,MemberNameAppointShopOwner254,MemberNameAddDiscount254,ShopNameOpenShop254,ShopNameAppointShopOwner254,ShopNameAddDiscount254
MemberNameRegister255,MemberNameLogin255,MemberNAmeOpenShop255,MemberNameAppointShopOwner255,MemberNameAddDiscount255,ShopNameOpenShop255,ShopNameAppointShopOwner255,ShopNameAddDiscount255
MemberNameRegister256,MemberNameLogin256,MemberNAmeOpenShop256,MemberNameAppointShopOwner256,MemberNameAddDiscount256,ShopNameOpenShop256,ShopNameAppointShopOwner256,ShopNameAddDiscount256
MemberNameRegister257,MemberNameLogin257,MemberNAmeOpenShop257,MemberNameAppointShopOwner257,MemberNameAddDiscount257,ShopNameOpenShop257,ShopNameAppointShopOwner257,ShopNameAddDiscount257
MemberNameRegister258,MemberNameLogin258,MemberNAmeOpenShop258,MemberNameAppointShopOwner258,MemberNameAddDiscount258,ShopNameOpenShop258,ShopNameAppointShopOwner258,ShopNameAddDiscount258
MemberNameRegister259,MemberNameLogin259,MemberNAmeOpenShop259,MemberNameAppointShopOwner259,MemberNameAddDiscount259,ShopNameOpenShop259,ShopNameAppointShopOwner259,ShopNameAddDiscount259
MemberNameRegister260,MemberNameLogin260,MemberNAmeOpenShop260,MemberNameAppointShopOwner260,MemberNameAddDiscount260,ShopNameOpenShop260,ShopNameAppointShopOwner260,ShopNameAddDiscount260
MemberNameRegister261,MemberNameLogin261,MemberNAmeOpenShop261,MemberNameAppointShopOwner261,MemberNameAddDiscount261,ShopNameOpenShop261,ShopNameAppointShopOwner261,ShopNameAddDiscount261
MemberNameRegister262,MemberNameLogin262,MemberNAmeOpenShop262,MemberNameAppointShopOwner262,MemberNameAddDiscount262,ShopNameOpenShop262,ShopNameAppointShopOwner262,ShopNameAddDiscount262
MemberNameRegister263,MemberNameLogin263,MemberNAmeOpenShop263,MemberNameAppointShopOwner263,MemberNameAddDiscount263,ShopNameOpenShop263,ShopNameAppointShopOwner263,ShopNameAddDiscount263
MemberNameRegister264,MemberNameLogin264,MemberNAmeOpenShop264,MemberNameAppointShopOwner264,MemberNameAddDiscount264,ShopNameOpenShop264,ShopNameAppointShopOwner264,ShopNameAddDiscount264
MemberNameRegister265,MemberNameLogin265,MemberNAmeOpenShop265,MemberNameAppointShopOwner265,MemberNameAddDiscount265,ShopNameOpenShop265,ShopNameAppointShopOwner265,ShopNameAddDiscount265
MemberNameRegister266,MemberNameLogin266,MemberNAmeOpenShop266,MemberNameAppointShopOwner266,MemberNameAddDiscount266,ShopNameOpenShop266,ShopNameAppointShopOwner266,ShopNameAddDiscount266
MemberNameRegister267,MemberNameLogin267,MemberNAmeOpenShop267,MemberNameAppointShopOwner267,MemberNameAddDiscount267,ShopNameOpenShop267,ShopNameAppointShopOwner267,ShopNameAddDiscount267
MemberNameRegister268,MemberNameLogin268,MemberNAmeOpenShop268,MemberNameAppointShopOwner268,MemberNameAddDiscount268,ShopNameOpenShop268,ShopNameAppointShopOwner268,ShopNameAddDiscount268
MemberNameRegister269,MemberNameLogin269,MemberNAmeOpenShop269,MemberNameAppointShopOwner269,MemberNameAddDiscount269,ShopNameOpenShop269,ShopNameAppointShopOwner269,ShopNameAddDiscount269
MemberNameRegister270,MemberNameLogin270,MemberNAmeOpenShop270,MemberNameAppointShopOwner270,MemberNameAddDiscount270,ShopNameOpenShop270,ShopNameAppointShopOwner270,ShopNameAddDiscount270
MemberNameRegister271,MemberNameLogin271,MemberNAmeOpenShop271,MemberNameAppointShopOwner271,MemberNameAddDiscount271,ShopNameOpenShop271,ShopNameAppointShopOwner271,ShopNameAddDiscount271
MemberNameRegister272,MemberNameLogin272,MemberNAmeOpenShop272,MemberNameAppointShopOwner272,MemberNameAddDiscount272,ShopNameOpenShop272,ShopNameAppointShopOwner272,ShopNameAddDiscount272
MemberNameRegister273,MemberNameLogin273,MemberNAmeOpenShop273,MemberNameAppointShopOwner273,MemberNameAddDiscount273,ShopNameOpenShop273,ShopNameAppointShopOwner273,ShopNameAddDiscount273
MemberNameRegister274,MemberNameLogin274,MemberNAmeOpenShop274,MemberNameAppointShopOwner274,MemberNameAddDiscount274,ShopNameOpenShop274,ShopNameAppointShopOwner274,ShopNameAddDiscount274
MemberNameRegister275,MemberNameLogin275,MemberNAmeOpenShop275,MemberNameAppointShopOwner275,MemberNameAddDiscount275,ShopNameOpenShop275,ShopNameAppointShopOwner275,ShopNameAddDiscount275
MemberNameRegister276,MemberNameLogin276,MemberNAmeOpenShop276,MemberNameAppointShopOwner276,MemberNameAddDiscount276,ShopNameOpenShop276,ShopNameAppointShopOwner276,ShopNameAddDiscount276
MemberNameRegister277,MemberNameLogin277,MemberNAmeOpenShop277,MemberNameAppointShopOwner277,MemberNameAddDiscount277,ShopNameOpenShop277,ShopNameAppointShopOwner277,ShopNameAddDiscount277
MemberNameRegister278,MemberNameLogin278,MemberNAmeOpenShop278,MemberNameAppointShopOwner278,MemberNameAddDiscount278,ShopNameOpenShop278,ShopNameAppointShopOwner278,ShopNameAddDiscount278
MemberNameRegister279,MemberNameLogin279,MemberNAmeOpenShop279,MemberNameAppointShopOwner279,MemberNameAddDiscount279,ShopNameOpenShop279,ShopNameAppointShopOwner279,ShopNameAddDiscount279
MemberNameRegister280,MemberNameLogin280,MemberNAmeOpenShop280,MemberNameAppointShopOwner280,MemberNameAddDiscount280,ShopNameOpenShop280,ShopNameAppointShopOwner280,ShopNameAddDiscount280
MemberNameRegister281,MemberNameLogin281,MemberNAmeOpenShop281,MemberNameAppointShopOwner281,MemberNameAddDiscount281,ShopNameOpenShop281,ShopNameAppointShopOwner281,ShopNameAddDiscount281
MemberNameRegister282,MemberNameLogin282,MemberNAmeOpenShop282,MemberNameAppointShopOwner282,MemberNameAddDiscount282,ShopNameOpenShop282,ShopNameAppointShopOwner282,ShopNameAddDiscount282
MemberNameRegister283,MemberNameLogin283,MemberNAmeOpenShop283,MemberNameAppointShopOwner283,MemberNameAddDiscount283,ShopNameOpenShop283,ShopNameAppointShopOwner283,ShopNameAddDiscount283
MemberNameRegister284,MemberNameLogin284,MemberNAmeOpenShop284,MemberNameAppointShopOwner284,MemberNameAddDiscount284,ShopNameOpenShop284,ShopNameAppointShopOwner284,ShopNameAddDiscount284
MemberNameRegister285,MemberNameLogin285,MemberNAmeOpenShop285,MemberNameAppointShopOwner285,MemberNameAddDiscount285,ShopNameOpenShop285,ShopNameAppointShopOwner285,ShopNameAddDiscount285
MemberNameRegister286,MemberNameLogin286,MemberNAmeOpenShop286,MemberNameAppointShopOwner286,MemberNameAddDiscount286,ShopNameOpenShop286,ShopNameAppointShopOwner286,ShopNameAddDiscount286
MemberNameRegister287,MemberNameLogin287,MemberNAmeOpenShop287,MemberNameAppointShopOwner287,MemberNameAddDiscount287,ShopNameOpenShop287,ShopNameAppointShopOwner287,ShopNameAddDiscount287
MemberNameRegister288,MemberNameLogin288,MemberNAmeOpenShop288,MemberNameAppointShopOwner288,MemberNameAddDiscount288,ShopNameOpenShop288,ShopNameAppointShopOwner288,ShopNameAddDiscount288
MemberNameRegister289,MemberNameLogin289,MemberNAmeOpenShop289,MemberNameAppointShopOwner289,MemberNameAddDiscount289,ShopNameOpenShop289,ShopNameAppointShopOwner289,ShopNameAddDiscount289
MemberNameRegister290,MemberNameLogin290,MemberNAmeOpenShop290,MemberNameAppointShopOwner290,MemberNameAddDiscount290,ShopNameOpenShop290,ShopNameAppointShopOwner290,ShopNameAddDiscount290
MemberNameRegister291,MemberNameLogin291,MemberNAmeOpenShop291,MemberNameAppointShopOwner291,MemberNameAddDiscount291,ShopNameOpenShop291,ShopNameAppointShopOwner291,ShopNameAddDiscount291
MemberNameRegister292,MemberNameLogin292,MemberNAmeOpenShop292,MemberNameAppointShopOwner292,MemberNameAddDiscount292,ShopNameOpenShop292,ShopNameAppointShopOwner292,ShopNameAddDiscount292
MemberNameRegister293,MemberNameLogin293,MemberNAmeOpenShop293,MemberNameAppointShopOwner293,MemberNameAddDiscount293,ShopNameOpenShop293,ShopNameAppointShopOwner293,ShopNameAddDiscount293
MemberNameRegister294,MemberNameLogin294,MemberNAmeOpenShop294,MemberNameAppointShopOwner294,MemberNameAddDiscount294,ShopNameOpenShop294,ShopNameAppointShopOwner294,ShopNameAddDiscount294
MemberNameRegister295,MemberNameLogin295,MemberNAmeOpenShop295,MemberNameAppointShopOwner295,MemberNameAddDiscount295,ShopNameOpenShop295,ShopNameAppointShopOwner295,ShopNameAddDiscount295
MemberNameRegister296,MemberNameLogin296,MemberNAmeOpenShop296,MemberNameAppointShopOwner296,MemberNameAddDiscount296,ShopNameOpenShop296,ShopNameAppointShopOwner296,ShopNameAddDiscount296
MemberNameRegister297,MemberNameLogin297,MemberNAmeOpenShop297,MemberNameAppointShopOwner297,MemberNameAddDiscount297,ShopNameOpenShop297,ShopNameAppointShopOwner297,ShopNameAddDiscount297
MemberNameRegister298,MemberNameLogin298,MemberNAmeOpenShop298,MemberNameAppointShopOwner298,MemberNameAddDiscount298,ShopNameOpenShop298,ShopNameAppointShopOwner298,ShopNameAddDiscount298
MemberNameRegister299,MemberNameLogin299,MemberNAmeOpenShop299,MemberNameAppointShopOwner299,MemberNameAddDiscount299,ShopNameOpenShop299,ShopNameAppointShopOwner299,ShopNameAddDiscount299
MemberNameRegister300,MemberNameLogin300,MemberNAmeOpenShop300,MemberNameAppointShopOwner300,MemberNameAddDiscount300,ShopNameOpenShop300,ShopNameAppointShopOwner300,ShopNameAddDiscount300
MemberNameRegister301,MemberNameLogin301,MemberNAmeOpenShop301,MemberNameAppointShopOwner301,MemberNameAddDiscount301,ShopNameOpenShop301,ShopNameAppointShopOwner301,ShopNameAddDiscount301
MemberNameRegister302,MemberNameLogin302,MemberNAmeOpenShop302,MemberNameAppointShopOwner302,MemberNameAddDiscount302,ShopNameOpenShop302,ShopNameAppointShopOwner302,ShopNameAddDiscount302
MemberNameRegister303,MemberNameLogin303,MemberNAmeOpenShop303,MemberNameAppointShopOwner303,MemberNameAddDiscount303,ShopNameOpenShop303,ShopNameAppointShopOwner303,ShopNameAddDiscount303
MemberNameRegister304,MemberNameLogin304,MemberNAmeOpenShop304,MemberNameAppointShopOwner304,MemberNameAddDiscount304,ShopNameOpenShop304,ShopNameAppointShopOwner304,ShopNameAddDiscount304
MemberNameRegister305,MemberNameLogin305,MemberNAmeOpenShop305,MemberNameAppointShopOwner305,MemberNameAddDiscount305,ShopNameOpenShop305,ShopNameAppointShopOwner305,ShopNameAddDiscount305
MemberNameRegister306,MemberNameLogin306,MemberNAmeOpenShop306,MemberNameAppointShopOwner306,MemberNameAddDiscount306,ShopNameOpenShop306,ShopNameAppointShopOwner306,ShopNameAddDiscount306
MemberNameRegister307,MemberNameLogin307,MemberNAmeOpenShop307,MemberNameAppointShopOwner307,MemberNameAddDiscount307,ShopNameOpenShop307,ShopNameAppointShopOwner307,ShopNameAddDiscount307
MemberNameRegister308,MemberNameLogin308,MemberNAmeOpenShop308,MemberNameAppointShopOwner308,MemberNameAddDiscount308,ShopNameOpenShop308,ShopNameAppointShopOwner308,ShopNameAddDiscount308
MemberNameRegister309,MemberNameLogin309,MemberNAmeOpenShop309,MemberNameAppointShopOwner309,MemberNameAddDiscount309,ShopNameOpenShop309,ShopNameAppointShopOwner309,ShopNameAddDiscount309
MemberNameRegister310,MemberNameLogin310,MemberNAmeOpenShop310,MemberNameAppointShopOwner310,MemberNameAddDiscount310,ShopNameOpenShop310,ShopNameAppointShopOwner310,ShopNameAddDiscount310
MemberNameRegister311,MemberNameLogin311,MemberNAmeOpenShop311,MemberNameAppointShopOwner311,MemberNameAddDiscount311,ShopNameOpenShop311,ShopNameAppointShopOwner311,ShopNameAddDiscount311
MemberNameRegister312,MemberNameLogin312,MemberNAmeOpenShop312,MemberNameAppointShopOwner312,MemberNameAddDiscount312,ShopNameOpenShop312,ShopNameAppointShopOwner312,ShopNameAddDiscount312
MemberNameRegister313,MemberNameLogin313,MemberNAmeOpenShop313,MemberNameAppointShopOwner313,MemberNameAddDiscount313,ShopNameOpenShop313,ShopNameAppointShopOwner313,ShopNameAddDiscount313
MemberNameRegister314,MemberNameLogin314,MemberNAmeOpenShop314,MemberNameAppointShopOwner314,MemberNameAddDiscount314,ShopNameOpenShop314,ShopNameAppointShopOwner314,ShopNameAddDiscount314
MemberNameRegister315,MemberNameLogin315,MemberNAmeOpenShop315,MemberNameAppointShopOwner315,MemberNameAddDiscount315,ShopNameOpenShop315,ShopNameAppointShopOwner315,ShopNameAddDiscount315
MemberNameRegister316,MemberNameLogin316,MemberNAmeOpenShop316,MemberNameAppointShopOwner316,MemberNameAddDiscount316,ShopNameOpenShop316,ShopNameAppointShopOwner316,ShopNameAddDiscount316
MemberNameRegister317,MemberNameLogin317,MemberNAmeOpenShop317,MemberNameAppointShopOwner317,MemberNameAddDiscount317,ShopNameOpenShop317,ShopNameAppointShopOwner317,ShopNameAddDiscount317
MemberNameRegister318,MemberNameLogin318,MemberNAmeOpenShop318,MemberNameAppointShopOwner318,MemberNameAddDiscount318,ShopNameOpenShop318,ShopNameAppointShopOwner318,ShopNameAddDiscount318
MemberNameRegister319,MemberNameLogin319,MemberNAmeOpenShop319,MemberNameAppointShopOwner319,MemberNameAddDiscount319,ShopNameOpenShop319,ShopNameAppointShopOwner319,ShopNameAddDiscount319
MemberNameRegister320,MemberNameLogin320,MemberNAmeOpenShop320,MemberNameAppointShopOwner320,MemberNameAddDiscount320,ShopNameOpenShop320,ShopNameAppointShopOwner320,ShopNameAddDiscount320
MemberNameRegister321,MemberNameLogin321,MemberNAmeOpenShop321,MemberNameAppointShopOwner321,MemberNameAddDiscount321,ShopNameOpenShop321,ShopNameAppointShopOwner321,ShopNameAddDiscount321
MemberNameRegister322,MemberNameLogin322,MemberNAmeOpenShop322,MemberNameAppointShopOwner322,MemberNameAddDiscount322,ShopNameOpenShop322,ShopNameAppointShopOwner322,ShopNameAddDiscount322
MemberNameRegister323,MemberNameLogin323,MemberNAmeOpenShop323,MemberNameAppointShopOwner323,MemberNameAddDiscount323,ShopNameOpenShop323,ShopNameAppointShopOwner323,ShopNameAddDiscount323
MemberNameRegister324,MemberNameLogin324,MemberNAmeOpenShop324,MemberNameAppointShopOwner324,MemberNameAddDiscount324,ShopNameOpenShop324,ShopNameAppointShopOwner324,ShopNameAddDiscount324
MemberNameRegister325,MemberNameLogin325,MemberNAmeOpenShop325,MemberNameAppointShopOwner325,MemberNameAddDiscount325,ShopNameOpenShop325,ShopNameAppointShopOwner325,ShopNameAddDiscount325
MemberNameRegister326,MemberNameLogin326,MemberNAmeOpenShop326,MemberNameAppointShopOwner326,MemberNameAddDiscount326,ShopNameOpenShop326,ShopNameAppointShopOwner326,ShopNameAddDiscount326
MemberNameRegister327,MemberNameLogin327,MemberNAmeOpenShop327,MemberNameAppointShopOwner327,MemberNameAddDiscount327,ShopNameOpenShop327,ShopNameAppointShopOwner327,ShopNameAddDiscount327
MemberNameRegister328,MemberNameLogin328,MemberNAmeOpenShop328,MemberNameAppointShopOwner328,MemberNameAddDiscount328,ShopNameOpenShop328,ShopNameAppointShopOwner328,ShopNameAddDiscount328
MemberNameRegister329,MemberNameLogin329,MemberNAmeOpenShop329,MemberNameAppointShopOwner329,MemberNameAddDiscount329,ShopNameOpenShop329,ShopNameAppointShopOwner329,ShopNameAddDiscount329
MemberNameRegister330,MemberNameLogin330,MemberNAmeOpenShop330,MemberNameAppointShopOwner330,MemberNameAddDiscount330,ShopNameOpenShop330,ShopNameAppointShopOwner330,ShopNameAddDiscount330
MemberNameRegister331,MemberNameLogin331,MemberNAmeOpenShop331,MemberNameAppointShopOwner331,MemberNameAddDiscount331,ShopNameOpenShop331,ShopNameAppointShopOwner331,ShopNameAddDiscount331
MemberNameRegister332,MemberNameLogin332,MemberNAmeOpenShop332,MemberNameAppointShopOwner332,MemberNameAddDiscount332,ShopNameOpenShop332,ShopNameAppointShopOwner332,ShopNameAddDiscount332
MemberNameRegister333,MemberNameLogin333,MemberNAmeOpenShop333,MemberNameAppointShopOwner333,MemberNameAddDiscount333,ShopNameOpenShop333,ShopNameAppointShopOwner333,ShopNameAddDiscount333
MemberNameRegister334,MemberNameLogin334,MemberNAmeOpenShop334,MemberNameAppointShopOwner334,MemberNameAddDiscount334,ShopNameOpenShop334,ShopNameAppointShopOwner334,ShopNameAddDiscount334
MemberNameRegister335,MemberNameLogin335,MemberNAmeOpenShop335,MemberNameAppointShopOwner335,MemberNameAddDiscount335,ShopNameOpenShop335,ShopNameAppointShopOwner335,ShopNameAddDiscount335
MemberNameRegister336,MemberNameLogin336,MemberNAmeOpenShop336,MemberNameAppointShopOwner336,MemberNameAddDiscount336,ShopNameOpenShop336,ShopNameAppointShopOwner336,ShopNameAddDiscount336
MemberNameRegister337,MemberNameLogin337,MemberNAmeOpenShop337,MemberNameAppointShopOwner337,MemberNameAddDiscount337,ShopNameOpenShop337,ShopNameAppointShopOwner337,ShopNameAddDiscount337
MemberNameRegister338,MemberNameLogin338,MemberNAmeOpenShop338,MemberNameAppointShopOwner338,MemberNameAddDiscount338,ShopNameOpenShop338,ShopNameAppointShopOwner338,ShopNameAddDiscount338
MemberNameRegister339,MemberNameLogin339,MemberNAmeOpenShop339,MemberNameAppointShopOwner339,MemberNameAddDiscount339,ShopNameOpenShop339,ShopNameAppointShopOwner339,ShopNameAddDiscount339
MemberNameRegister340,MemberNameLogin340,MemberNAmeOpenShop340,MemberNameAppointShopOwner340,MemberNameAddDiscount340,ShopNameOpenShop340,ShopNameAppointShopOwner340,ShopNameAddDiscount340
MemberNameRegister341,MemberNameLogin341,MemberNAmeOpenShop341,MemberNameAppointShopOwner341,MemberNameAddDiscount341,ShopNameOpenShop341,ShopNameAppointShopOwner341,ShopNameAddDiscount341
MemberNameRegister342,MemberNameLogin342,MemberNAmeOpenShop342,MemberNameAppointShopOwner342,MemberNameAddDiscount342,ShopNameOpenShop342,ShopNameAppointShopOwner342,ShopNameAddDiscount342
MemberNameRegister343,MemberNameLogin343,MemberNAmeOpenShop343,MemberNameAppointShopOwner343,MemberNameAddDiscount343,ShopNameOpenShop343,ShopNameAppointShopOwner343,ShopNameAddDiscount343
MemberNameRegister344,MemberNameLogin344,MemberNAmeOpenShop344,MemberNameAppointShopOwner344,MemberNameAddDiscount344,ShopNameOpenShop344,ShopNameAppointShopOwner344,ShopNameAddDiscount344
MemberNameRegister345,MemberNameLogin345,MemberNAmeOpenShop345,MemberNameAppointShopOwner345,MemberNameAddDiscount345,ShopNameOpenShop345,ShopNameAppointShopOwner345,ShopNameAddDiscount345
MemberNameRegister346,MemberNameLogin346,MemberNAmeOpenShop346,MemberNameAppointShopOwner346,MemberNameAddDiscount346,ShopNameOpenShop346,ShopNameAppointShopOwner346,ShopNameAddDiscount346
MemberNameRegister347,MemberNameLogin347,MemberNAmeOpenShop347,MemberNameAppointShopOwner347,MemberNameAddDiscount347,ShopNameOpenShop347,ShopNameAppointShopOwner347,ShopNameAddDiscount347
MemberNameRegister348,MemberNameLogin348,MemberNAmeOpenShop348,MemberNameAppointShopOwner348,MemberNameAddDiscount348,ShopNameOpenShop348,ShopNameAppointShopOwner348,ShopNameAddDiscount348
MemberNameRegister349,MemberNameLogin349,MemberNAmeOpenShop349,MemberNameAppointShopOwner349,MemberNameAddDiscount349,ShopNameOpenShop349,ShopNameAppointShopOwner349,ShopNameAddDiscount349
MemberNameRegister350,MemberNameLogin350,MemberNAmeOpenShop350,MemberNameAppointShopOwner350,MemberNameAddDiscount350,ShopNameOpenShop350,ShopNameAppointShopOwner350,ShopNameAddDiscount350
MemberNameRegister351,MemberNameLogin351,MemberNAmeOpenShop351,MemberNameAppointShopOwner351,MemberNameAddDiscount351,ShopNameOpenShop351,ShopNameAppointShopOwner351,ShopNameAddDiscount351
MemberNameRegister352,MemberNameLogin352,MemberNAmeOpenShop352,MemberNameAppointShopOwner352,MemberNameAddDiscount352,ShopNameOpenShop352,ShopNameAppointShopOwner352,ShopNameAddDiscount352
MemberNameRegister353,MemberNameLogin353,MemberNAmeOpenShop353,MemberNameAppointShopOwner353,MemberNameAddDiscount353,ShopNameOpenShop353,ShopNameAppointShopOwner353,ShopNameAddDiscount353
MemberNameRegister354,MemberNameLogin354,MemberNAmeOpenShop354,MemberNameAppointShopOwner354,MemberNameAddDiscount354,ShopNameOpenShop354,ShopNameAppointShopOwner354,ShopNameAddDiscount354
MemberNameRegister355,MemberNameLogin355,MemberNAmeOpenShop355,MemberNameAppointShopOwner355,MemberNameAddDiscount355,ShopNameOpenShop355,ShopNameAppointShopOwner355,ShopNameAddDiscount355
MemberNameRegister356,MemberNameLogin356,MemberNAmeOpenShop356,MemberNameAppointShopOwner356,MemberNameAddDiscount356,ShopNameOpenShop356,ShopNameAppointShopOwner356,ShopNameAddDiscount356
MemberNameRegister357,MemberNameLogin357,MemberNAmeOpenShop357,MemberNameAppointShopOwner357,MemberNameAddDiscount357,ShopNameOpenShop357,ShopNameAppointShopOwner357,ShopNameAddDiscount357
MemberNameRegister358,MemberNameLogin358,MemberNAmeOpenShop358,MemberNameAppointShopOwner358,MemberNameAddDiscount358,ShopNameOpenShop358,ShopNameAppointShopOwner358,ShopNameAddDiscount358
MemberNameRegister359,MemberNameLogin359,MemberNAmeOpenShop359,MemberNameAppointShopOwner359,MemberNameAddDiscount359,ShopNameOpenShop359,ShopNameAppointShopOwner359,ShopNameAddDiscount359
MemberNameRegister360,MemberNameLogin360,MemberNAmeOpenShop360,MemberNameAppointShopOwner360,MemberNameAddDiscount360,ShopNameOpenShop360,ShopNameAppointShopOwner360,ShopNameAddDiscount360
MemberNameRegister361,MemberNameLogin361,MemberNAmeOpenShop361,MemberNameAppointShopOwner361,MemberNameAddDiscount361,ShopNameOpenShop361,ShopNameAppointShopOwner361,ShopNameAddDiscount361
MemberNameRegister362,MemberNameLogin362,MemberNAmeOpenShop362,MemberNameAppointShopOwner362,MemberNameAddDiscount362,ShopNameOpenShop362,ShopNameAppointShopOwner362,ShopNameAddDiscount362
MemberNameRegister363,MemberNameLogin363,MemberNAmeOpenShop363,MemberNameAppointShopOwner363,MemberNameAddDiscount363,ShopNameOpenShop363,ShopNameAppointShopOwner363,ShopNameAddDiscount363
MemberNameRegister364,MemberNameLogin364,MemberNAmeOpenShop364,MemberNameAppointShopOwner364,MemberNameAddDiscount364,ShopNameOpenShop364,ShopNameAppointShopOwner364,ShopNameAddDiscount364
MemberNameRegister365,MemberNameLogin365,MemberNAmeOpenShop365,MemberNameAppointShopOwner365,MemberNameAddDiscount365,ShopNameOpenShop365,ShopNameAppointShopOwner365,ShopNameAddDiscount365
MemberNameRegister366,MemberNameLogin366,MemberNAmeOpenShop366,MemberNameAppointShopOwner366,MemberNameAddDiscount366,ShopNameOpenShop366,ShopNameAppointShopOwner366,ShopNameAddDiscount366
MemberNameRegister367,MemberNameLogin367,MemberNAmeOpenShop367,MemberNameAppointShopOwner367,MemberNameAddDiscount367,ShopNameOpenShop367,ShopNameAppointShopOwner367,ShopNameAddDiscount367
MemberNameRegister368,MemberNameLogin368,MemberNAmeOpenShop368,MemberNameAppointShopOwner368,MemberNameAddDiscount368,ShopNameOpenShop368,ShopNameAppointShopOwner368,ShopNameAddDiscount368
MemberNameRegister369,MemberNameLogin369,MemberNAmeOpenShop369,MemberNameAppointShopOwner369,MemberNameAddDiscount369,ShopNameOpenShop369,ShopNameAppointShopOwner369,ShopNameAddDiscount369
MemberNameRegister370,MemberNameLogin370,MemberNAmeOpenShop370,MemberNameAppointShopOwner370,MemberNameAddDiscount370,ShopNameOpenShop370,ShopNameAppointShopOwner370,ShopNameAddDiscount370
MemberNameRegister371,MemberNameLogin371,MemberNAmeOpenShop371,MemberNameAppointShopOwner371,MemberNameAddDiscount371,ShopNameOpenShop371,ShopNameAppointShopOwner371,ShopNameAddDiscount371
MemberNameRegister372,MemberNameLogin372,MemberNAmeOpenShop372,MemberNameAppointShopOwner372,MemberNameAddDiscount372,ShopNameOpenShop372,ShopNameAppointShopOwner372,ShopNameAddDiscount372
MemberNameRegister373,MemberNameLogin373,MemberNAmeOpenShop373,MemberNameAppointShopOwner373,MemberNameAddDiscount373,ShopNameOpenShop373,ShopNameAppointShopOwner373,ShopNameAddDiscount373
MemberNameRegister374,MemberNameLogin374,MemberNAmeOpenShop374,MemberNameAppointShopOwner374,MemberNameAddDiscount374,ShopNameOpenShop374,ShopNameAppointShopOwner374,ShopNameAddDiscount374
MemberNameRegister375,MemberNameLogin375,MemberNAmeOpenShop375,MemberNameAppointShopOwner375,MemberNameAddDiscount375,ShopNameOpenShop375,ShopNameAppointShopOwner375,ShopNameAddDiscount375
MemberNameRegister376,MemberNameLogin376,MemberNAmeOpenShop376,MemberNameAppointShopOwner376,MemberNameAddDiscount376,ShopNameOpenShop376,ShopNameAppointShopOwner376,ShopNameAddDiscount376
MemberNameRegister377,MemberNameLogin377,MemberNAmeOpenShop377,MemberNameAppointShopOwner377,MemberNameAddDiscount377,ShopNameOpenShop377,ShopNameAppointShopOwner377,ShopNameAddDiscount377
MemberNameRegister378,MemberNameLogin378,MemberNAmeOpenShop378,MemberNameAppointShopOwner378,MemberNameAddDiscount378,ShopNameOpenShop378,ShopNameAppointShopOwner378,ShopNameAddDiscount378
MemberNameRegister379,MemberNameLogin379,MemberNAmeOpenShop379,MemberNameAppointShopOwner379,MemberNameAddDiscount379,ShopNameOpenShop379,ShopNameAppointShopOwner379,ShopNameAddDiscount379
MemberNameRegister380,MemberNameLogin380,MemberNAmeOpenShop380,MemberNameAppointShopOwner380,MemberNameAddDiscount380,ShopNameOpenShop380,ShopNameAppointShopOwner380,ShopNameAddDiscount380
MemberNameRegister381,MemberNameLogin381,MemberNAmeOpenShop381,MemberNameAppointShopOwner381,MemberNameAddDiscount381,ShopNameOpenShop381,ShopNameAppointShopOwner381,ShopNameAddDiscount381
MemberNameRegister382,MemberNameLogin382,MemberNAmeOpenShop382,MemberNameAppointShopOwner382,MemberNameAddDiscount382,ShopNameOpenShop382,ShopNameAppointShopOwner382,ShopNameAddDiscount382
MemberNameRegister383,MemberNameLogin383,MemberNAmeOpenShop383,MemberNameAppointShopOwner383,MemberNameAddDiscount383,ShopNameOpenShop383,ShopNameAppointShopOwner383,ShopNameAddDiscount383
MemberNameRegister384,MemberNameLogin384,MemberNAmeOpenShop384,MemberNameAppointShopOwner384,MemberNameAddDiscount384,ShopNameOpenShop384,ShopNameAppointShopOwner384,ShopNameAddDiscount384
MemberNameRegister385,MemberNameLogin385,MemberNAmeOpenShop385,MemberNameAppointShopOwner385,MemberNameAddDiscount385,ShopNameOpenShop385,ShopNameAppointShopOwner385,ShopNameAddDiscount385
MemberNameRegister386,MemberNameLogin386,MemberNAmeOpenShop386,MemberNameAppointShopOwner386,MemberNameAddDiscount386,ShopNameOpenShop386,ShopNameAppointShopOwner386,ShopNameAddDiscount386
MemberNameRegister387,MemberNameLogin387,MemberNAmeOpenShop387,MemberNameAppointShopOwner387,MemberNameAddDiscount387,ShopNameOpenShop387,ShopNameAppointShopOwner387,ShopNameAddDiscount387
MemberNameRegister388,MemberNameLogin388,MemberNAmeOpenShop388,MemberNameAppointShopOwner388,MemberNameAddDiscount388,ShopNameOpenShop388,ShopNameAppointShopOwner388,ShopNameAddDiscount388
MemberNameRegister389,MemberNameLogin389,MemberNAmeOpenShop389,MemberNameAppointShopOwner389,MemberNameAddDiscount389,ShopNameOpenShop389,ShopNameAppointShopOwner389,ShopNameAddDiscount389
MemberNameRegister390,MemberNameLogin390,MemberNAmeOpenShop390,MemberNameAppointShopOwner390,MemberNameAddDiscount390,ShopNameOpenShop390,ShopNameAppointShopOwner390,ShopNameAddDiscount390
MemberNameRegister391,MemberNameLogin391,MemberNAmeOpenShop391,MemberNameAppointShopOwner391,MemberNameAddDiscount391,ShopNameOpenShop391,ShopNameAppointShopOwner391,ShopNameAddDiscount391
MemberNameRegister392,MemberNameLogin392,MemberNAmeOpenShop392,MemberNameAppointShopOwner392,MemberNameAddDiscount392,ShopNameOpenShop392,ShopNameAppointShopOwner392,ShopNameAddDiscount392
MemberNameRegister393,MemberNameLogin393,MemberNAmeOpenShop393,MemberNameAppointShopOwner393,MemberNameAddDiscount393,ShopNameOpenShop393,ShopNameAppointShopOwner393,ShopNameAddDiscount393
MemberNameRegister394,MemberNameLogin394,MemberNAmeOpenShop394,MemberNameAppointShopOwner394,MemberNameAddDiscount394,ShopNameOpenShop394,ShopNameAppointShopOwner394,ShopNameAddDiscount394
MemberNameRegister395,MemberNameLogin395,MemberNAmeOpenShop395,MemberNameAppointShopOwner395,MemberNameAddDiscount395,ShopNameOpenShop395,ShopNameAppointShopOwner395,ShopNameAddDiscount395
MemberNameRegister396,MemberNameLogin396,MemberNAmeOpenShop396,MemberNameAppointShopOwner396,MemberNameAddDiscount396,ShopNameOpenShop396,ShopNameAppointShopOwner396,ShopNameAddDiscount396
MemberNameRegister397,MemberNameLogin397,MemberNAmeOpenShop397,MemberNameAppointShopOwner397,MemberNameAddDiscount397,ShopNameOpenShop397,ShopNameAppointShopOwner397,ShopNameAddDiscount397
MemberNameRegister398,MemberNameLogin398,MemberNAmeOpenShop398,MemberNameAppointShopOwner398,MemberNameAddDiscount398,ShopNameOpenShop398,ShopNameAppointShopOwner398,ShopNameAddDiscount398
MemberNameRegister399,MemberNameLogin399,MemberNAmeOpenShop399,MemberNameAppointShopOwner399,MemberNameAddDiscount399,ShopNameOpenShop399,ShopNameAppointShopOwner399,ShopNameAddDiscount399
MemberNameRegister400,MemberNameLogin400,MemberNAmeOpenShop400,MemberNameAppointShopOwner400,MemberNameAddDiscount400,ShopNameOpenShop400,ShopNameAppointShopOwner400,ShopNameAddDiscount400
MemberNameRegister401,MemberNameLogin401,MemberNAmeOpenShop401,MemberNameAppointShopOwner401,MemberNameAddDiscount401,ShopNameOpenShop401,ShopNameAppointShopOwner401,ShopNameAddDiscount401
MemberNameRegister402,MemberNameLogin402,MemberNAmeOpenShop402,MemberNameAppointShopOwner402,MemberNameAddDiscount402,ShopNameOpenShop402,ShopNameAppointShopOwner402,ShopNameAddDiscount402
MemberNameRegister403,MemberNameLogin403,MemberNAmeOpenShop403,MemberNameAppointShopOwner403,MemberNameAddDiscount403,ShopNameOpenShop403,ShopNameAppointShopOwner403,ShopNameAddDiscount403
MemberNameRegister404,MemberNameLogin404,MemberNAmeOpenShop404,MemberNameAppointShopOwner404,MemberNameAddDiscount404,ShopNameOpenShop404,ShopNameAppointShopOwner404,ShopNameAddDiscount404
MemberNameRegister405,MemberNameLogin405,MemberNAmeOpenShop405,MemberNameAppointShopOwner405,MemberNameAddDiscount405,ShopNameOpenShop405,ShopNameAppointShopOwner405,ShopNameAddDiscount405
MemberNameRegister406,MemberNameLogin406,MemberNAmeOpenShop406,MemberNameAppointShopOwner406,MemberNameAddDiscount406,ShopNameOpenShop406,ShopNameAppointShopOwner406,ShopNameAddDiscount406
MemberNameRegister407,MemberNameLogin407,MemberNAmeOpenShop407,MemberNameAppointShopOwner407,MemberNameAddDiscount407,ShopNameOpenShop407,ShopNameAppointShopOwner407,ShopNameAddDiscount407
MemberNameRegister408,MemberNameLogin408,MemberNAmeOpenShop408,MemberNameAppointShopOwner408,MemberNameAddDiscount408,ShopNameOpenShop408,ShopNameAppointShopOwner408,ShopNameAddDiscount408
MemberNameRegister409,MemberNameLogin409,MemberNAmeOpenShop409,MemberNameAppointShopOwner409,MemberNameAddDiscount409,ShopNameOpenShop409,ShopNameAppointShopOwner409,ShopNameAddDiscount409
MemberNameRegister410,MemberNameLogin410,MemberNAmeOpenShop410,MemberNameAppointShopOwner410,MemberNameAddDiscount410,ShopNameOpenShop410,ShopNameAppointShopOwner410,ShopNameAddDiscount410
MemberNameRegister411,MemberNameLogin411,MemberNAmeOpenShop411,MemberNameAppointShopOwner411,MemberNameAddDiscount411,ShopNameOpenShop411,ShopNameAppointShopOwner411,ShopNameAddDiscount411
MemberNameRegister412,MemberNameLogin412,MemberNAmeOpenShop412,MemberNameAppointShopOwner412,MemberNameAddDiscount412,ShopNameOpenShop412,ShopNameAppointShopOwner412,ShopNameAddDiscount412
MemberNameRegister413,MemberNameLogin413,MemberNAmeOpenShop413,MemberNameAppointShopOwner413,MemberNameAddDiscount413,ShopNameOpenShop413,ShopNameAppointShopOwner413,ShopNameAddDiscount413
MemberNameRegister414,MemberNameLogin414,MemberNAmeOpenShop414,MemberNameAppointShopOwner414,MemberNameAddDiscount414,ShopNameOpenShop414,ShopNameAppointShopOwner414,ShopNameAddDiscount414
MemberNameRegister415,MemberNameLogin415,MemberNAmeOpenShop415,MemberNameAppointShopOwner415,MemberNameAddDiscount415,ShopNameOpenShop415,ShopNameAppointShopOwner415,ShopNameAddDiscount415
MemberNameRegister416,MemberNameLogin416,MemberNAmeOpenShop416,MemberNameAppointShopOwner416,MemberNameAddDiscount416,ShopNameOpenShop416,ShopNameAppointShopOwner416,ShopNameAddDiscount416
MemberNameRegister417,MemberNameLogin417,MemberNAmeOpenShop417,MemberNameAppointShopOwner417,MemberNameAddDiscount417,ShopNameOpenShop417,ShopNameAppointShopOwner417,ShopNameAddDiscount417
MemberNameRegister418,MemberNameLogin418,MemberNAmeOpenShop418,MemberNameAppointShopOwner418,MemberNameAddDiscount418,ShopNameOpenShop418,ShopNameAppointShopOwner418,ShopNameAddDiscount418
MemberNameRegister419,MemberNameLogin419,MemberNAmeOpenShop419,MemberNameAppointShopOwner419,MemberNameAddDiscount419,ShopNameOpenShop419,ShopNameAppointShopOwner419,ShopNameAddDiscount419
MemberNameRegister420,MemberNameLogin420,MemberNAmeOpenShop420,MemberNameAppointShopOwner420,MemberNameAddDiscount420,ShopNameOpenShop420,ShopNameAppointShopOwner420,ShopNameAddDiscount420
MemberNameRegister421,MemberNameLogin421,MemberNAmeOpenShop421,MemberNameAppointShopOwner421,MemberNameAddDiscount421,ShopNameOpenShop421,ShopNameAppointShopOwner421,ShopNameAddDiscount421
MemberNameRegister422,MemberNameLogin422,MemberNAmeOpenShop422,MemberNameAppointShopOwner422,MemberNameAddDiscount422,ShopNameOpenShop422,ShopNameAppointShopOwner422,ShopNameAddDiscount422
MemberNameRegister423,MemberNameLogin423,MemberNAmeOpenShop423,MemberNameAppointShopOwner423,MemberNameAddDiscount423,ShopNameOpenShop423,ShopNameAppointShopOwner423,ShopNameAddDiscount423
MemberNameRegister424,MemberNameLogin424,MemberNAmeOpenShop424,MemberNameAppointShopOwner424,MemberNameAddDiscount424,ShopNameOpenShop424,ShopNameAppointShopOwner424,ShopNameAddDiscount424
MemberNameRegister425,MemberNameLogin425,MemberNAmeOpenShop425,MemberNameAppointShopOwner425,MemberNameAddDiscount425,ShopNameOpenShop425,ShopNameAppointShopOwner425,ShopNameAddDiscount425
MemberNameRegister426,MemberNameLogin426,MemberNAmeOpenShop426,MemberNameAppointShopOwner426,MemberNameAddDiscount426,ShopNameOpenShop426,ShopNameAppointShopOwner426,ShopNameAddDiscount426
MemberNameRegister427,MemberNameLogin427,MemberNAmeOpenShop427,MemberNameAppointShopOwner427,MemberNameAddDiscount427,ShopNameOpenShop427,ShopNameAppointShopOwner427,ShopNameAddDiscount427
MemberNameRegister428,MemberNameLogin428,MemberNAmeOpenShop428,MemberNameAppointShopOwner428,MemberNameAddDiscount428,ShopNameOpenShop428,ShopNameAppointShopOwner428,ShopNameAddDiscount428
MemberNameRegister429,MemberNameLogin429,MemberNAmeOpenShop429,MemberNameAppointShopOwner429,MemberNameAddDiscount429,ShopNameOpenShop429,ShopNameAppointShopOwner429,ShopNameAddDiscount429
MemberNameRegister430,MemberNameLogin430,MemberNAmeOpenShop430,MemberNameAppointShopOwner430,MemberNameAddDiscount430,ShopNameOpenShop430,ShopNameAppointShopOwner430,ShopNameAddDiscount430
MemberNameRegister431,MemberNameLogin431,MemberNAmeOpenShop431,MemberNameAppointShopOwner431,MemberNameAddDiscount431,ShopNameOpenShop431,ShopNameAppointShopOwner431,ShopNameAddDiscount431
MemberNameRegister432,MemberNameLogin432,MemberNAmeOpenShop432,MemberNameAppointShopOwner432,MemberNameAddDiscount432,ShopNameOpenShop432,ShopNameAppointShopOwner432,ShopNameAddDiscount432
MemberNameRegister433,MemberNameLogin433,MemberNAmeOpenShop433,MemberNameAppointShopOwner433,MemberNameAddDiscount433,ShopNameOpenShop433,ShopNameAppointShopOwner433,ShopNameAddDiscount433
MemberNameRegister434,MemberNameLogin434,MemberNAmeOpenShop434,MemberNameAppointShopOwner434,MemberNameAddDiscount434,ShopNameOpenShop434,ShopNameAppointShopOwner434,ShopNameAddDiscount434
MemberNameRegister435,MemberNameLogin435,MemberNAmeOpenShop435,MemberNameAppointShopOwner435,MemberNameAddDiscount435,ShopNameOpenShop435,ShopNameAppointShopOwner435,ShopNameAddDiscount435
MemberNameRegister436,MemberNameLogin436,MemberNAmeOpenShop436,MemberNameAppointShopOwner436,MemberNameAddDiscount436,ShopNameOpenShop436,ShopNameAppointShopOwner436,ShopNameAddDiscount436
MemberNameRegister437,MemberNameLogin437,MemberNAmeOpenShop437,MemberNameAppointShopOwner437,MemberNameAddDiscount437,ShopNameOpenShop437,ShopNameAppointShopOwner437,ShopNameAddDiscount437
MemberNameRegister438,MemberNameLogin438,MemberNAmeOpenShop438,MemberNameAppointShopOwner438,MemberNameAddDiscount438,ShopNameOpenShop438,ShopNameAppointShopOwner438,ShopNameAddDiscount438
MemberNameRegister439,MemberNameLogin439,MemberNAmeOpenShop439,MemberNameAppointShopOwner439,MemberNameAddDiscount439,ShopNameOpenShop439,ShopNameAppointShopOwner439,ShopNameAddDiscount439
MemberNameRegister440,MemberNameLogin440,MemberNAmeOpenShop440,MemberNameAppointShopOwner440,MemberNameAddDiscount440,ShopNameOpenShop440,ShopNameAppointShopOwner440,ShopNameAddDiscount440
MemberNameRegister441,MemberNameLogin441,MemberNAmeOpenShop441,MemberNameAppointShopOwner441,MemberNameAddDiscount441,ShopNameOpenShop441,ShopNameAppointShopOwner441,ShopNameAddDiscount441
MemberNameRegister442,MemberNameLogin442,MemberNAmeOpenShop442,MemberNameAppointShopOwner442,MemberNameAddDiscount442,ShopNameOpenShop442,ShopNameAppointShopOwner442,ShopNameAddDiscount442
MemberNameRegister443,MemberNameLogin443,MemberNAmeOpenShop443,MemberNameAppointShopOwner443,MemberNameAddDiscount443,ShopNameOpenShop443,ShopNameAppointShopOwner443,ShopNameAddDiscount443
MemberNameRegister444,MemberNameLogin444,MemberNAmeOpenShop444,MemberNameAppointShopOwner444,MemberNameAddDiscount444,ShopNameOpenShop444,ShopNameAppointShopOwner444,ShopNameAddDiscount444
MemberNameRegister445,MemberNameLogin445,MemberNAmeOpenShop445,MemberNameAppointShopOwner445,MemberNameAddDiscount445,ShopNameOpenShop445,ShopNameAppointShopOwner445,ShopNameAddDiscount445
MemberNameRegister446,MemberNameLogin446,MemberNAmeOpenShop446,MemberNameAppointShopOwner446,MemberNameAddDiscount446,ShopNameOpenShop446,ShopNameAppointShopOwner446,ShopNameAddDiscount446
MemberNameRegister447,MemberNameLogin447,MemberNAmeOpenShop447,MemberNameAppointShopOwner447,MemberNameAddDiscount447,ShopNameOpenShop447,ShopNameAppointShopOwner447,ShopNameAddDiscount447
MemberNameRegister448,MemberNameLogin448,MemberNAmeOpenShop448,MemberNameAppointShopOwner448,MemberNameAddDiscount448,ShopNameOpenShop448,ShopNameAppointShopOwner448,ShopNameAddDiscount448
MemberNameRegister449,MemberNameLogin449,MemberNAmeOpenShop449,MemberNameAppointShopOwner449,MemberNameAddDiscount449,ShopNameOpenShop449,ShopNameAppointShopOwner449,ShopNameAddDiscount449
MemberNameRegister450,MemberNameLogin450,MemberNAmeOpenShop450,MemberNameAppointShopOwner450,MemberNameAddDiscount450,ShopNameOpenShop450,ShopNameAppointShopOwner450,ShopNameAddDiscount450
MemberNameRegister451,MemberNameLogin451,MemberNAmeOpenShop451,MemberNameAppointShopOwner451,MemberNameAddDiscount451,ShopNameOpenShop451,ShopNameAppointShopOwner451,ShopNameAddDiscount451
MemberNameRegister452,MemberNameLogin452,MemberNAmeOpenShop452,MemberNameAppointShopOwner452,MemberNameAddDiscount452,ShopNameOpenShop452,ShopNameAppointShopOwner452,ShopNameAddDiscount452
MemberNameRegister453,MemberNameLogin453,MemberNAmeOpenShop453,MemberNameAppointShopOwner453,MemberNameAddDiscount453,ShopNameOpenShop453,ShopNameAppointShopOwner453,ShopNameAddDiscount453
MemberNameRegister454,MemberNameLogin454,MemberNAmeOpenShop454,MemberNameAppointShopOwner454,MemberNameAddDiscount454,ShopNameOpenShop454,ShopNameAppointShopOwner454,ShopNameAddDiscount454
MemberNameRegister455,MemberNameLogin455,MemberNAmeOpenShop455,MemberNameAppointShopOwner455,MemberNameAddDiscount455,ShopNameOpenShop455,ShopNameAppointShopOwner455,ShopNameAddDiscount455
MemberNameRegister456,MemberNameLogin456,MemberNAmeOpenShop456,MemberNameAppointShopOwner456,MemberNameAddDiscount456,ShopNameOpenShop456,ShopNameAppointShopOwner456,ShopNameAddDiscount456
MemberNameRegister457,MemberNameLogin457,MemberNAmeOpenShop457,MemberNameAppointShopOwner457,MemberNameAddDiscount457,ShopNameOpenShop457,ShopNameAppointShopOwner457,ShopNameAddDiscount457
MemberNameRegister458,MemberNameLogin458,MemberNAmeOpenShop458,MemberNameAppointShopOwner458,MemberNameAddDiscount458,ShopNameOpenShop458,ShopNameAppointShopOwner458,ShopNameAddDiscount458
MemberNameRegister459,MemberNameLogin459,MemberNAmeOpenShop459,MemberNameAppointShopOwner459,MemberNameAddDiscount459,ShopNameOpenShop459,ShopNameAppointShopOwner459,ShopNameAddDiscount459
MemberNameRegister460,MemberNameLogin460,MemberNAmeOpenShop460,MemberNameAppointShopOwner460,MemberNameAddDiscount460,ShopNameOpenShop460,ShopNameAppointShopOwner460,ShopNameAddDiscount460
MemberNameRegister461,MemberNameLogin461,MemberNAmeOpenShop461,MemberNameAppointShopOwner461,MemberNameAddDiscount461,ShopNameOpenShop461,ShopNameAppointShopOwner461,ShopNameAddDiscount461
MemberNameRegister462,MemberNameLogin462,MemberNAmeOpenShop462,MemberNameAppointShopOwner462,MemberNameAddDiscount462,ShopNameOpenShop462,ShopNameAppointShopOwner462,ShopNameAddDiscount462
MemberNameRegister463,MemberNameLogin463,MemberNAmeOpenShop463,MemberNameAppointShopOwner463,MemberNameAddDiscount463,ShopNameOpenShop463,ShopNameAppointShopOwner463,ShopNameAddDiscount463
MemberNameRegister464,MemberNameLogin464,MemberNAmeOpenShop464,MemberNameAppointShopOwner464,MemberNameAddDiscount464,ShopNameOpenShop464,ShopNameAppointShopOwner464,ShopNameAddDiscount464
MemberNameRegister465,MemberNameLogin465,MemberNAmeOpenShop465,MemberNameAppointShopOwner465,MemberNameAddDiscount465,ShopNameOpenShop465,ShopNameAppointShopOwner465,ShopNameAddDiscount465
MemberNameRegister466,MemberNameLogin466,MemberNAmeOpenShop466,MemberNameAppointShopOwner466,MemberNameAddDiscount466,ShopNameOpenShop466,ShopNameAppointShopOwner466,ShopNameAddDiscount466
MemberNameRegister467,MemberNameLogin467,MemberNAmeOpenShop467,MemberNameAppointShopOwner467,MemberNameAddDiscount467,ShopNameOpenShop467,ShopNameAppointShopOwner467,ShopNameAddDiscount467
MemberNameRegister468,MemberNameLogin468,MemberNAmeOpenShop468,MemberNameAppointShopOwner468,MemberNameAddDiscount468,ShopNameOpenShop468,ShopNameAppointShopOwner468,ShopNameAddDiscount468
MemberNameRegister469,MemberNameLogin469,MemberNAmeOpenShop469,MemberNameAppointShopOwner469,MemberNameAddDiscount469,ShopNameOpenShop469,ShopNameAppointShopOwner469,ShopNameAddDiscount469
MemberNameRegister470,MemberNameLogin470,MemberNAmeOpenShop470,MemberNameAppointShopOwner470,MemberNameAddDiscount470,ShopNameOpenShop470,ShopNameAppointShopOwner470,ShopNameAddDiscount470
MemberNameRegister471,MemberNameLogin471,MemberNAmeOpenShop471,MemberNameAppointShopOwner471,MemberNameAddDiscount471,ShopNameOpenShop471,ShopNameAppointShopOwner471,ShopNameAddDiscount471
MemberNameRegister472,MemberNameLogin472,MemberNAmeOpenShop472,MemberNameAppointShopOwner472,MemberNameAddDiscount472,ShopNameOpenShop472,ShopNameAppointShopOwner472,ShopNameAddDiscount472
MemberNameRegister473,MemberNameLogin473,MemberNAmeOpenShop473,MemberNameAppointShopOwner473,MemberNameAddDiscount473,ShopNameOpenShop473,ShopNameAppointShopOwner473,ShopNameAddDiscount473
MemberNameRegister474,MemberNameLogin474,MemberNAmeOpenShop474,MemberNameAppointShopOwner474,MemberNameAddDiscount474,ShopNameOpenShop474,ShopNameAppointShopOwner474,ShopNameAddDiscount474
MemberNameRegister475,MemberNameLogin475,MemberNAmeOpenShop475,MemberNameAppointShopOwner475,MemberNameAddDiscount475,ShopNameOpenShop475,ShopNameAppointShopOwner475,ShopNameAddDiscount475
MemberNameRegister476,MemberNameLogin476,MemberNAmeOpenShop476,MemberNameAppointShopOwner476,MemberNameAddDiscount476,ShopNameOpenShop476,ShopNameAppointShopOwner476,ShopNameAddDiscount476
MemberNameRegister477,MemberNameLogin477,MemberNAmeOpenShop477,MemberNameAppointShopOwner477,MemberNameAddDiscount477,ShopNameOpenShop477,ShopNameAppointShopOwner477,ShopNameAddDiscount477
MemberNameRegister478,MemberNameLogin478,MemberNAmeOpenShop478,MemberNameAppointShopOwner478,MemberNameAddDiscount478,ShopNameOpenShop478,ShopNameAppointShopOwner478,ShopNameAddDiscount478
MemberNameRegister479,MemberNameLogin479,MemberNAmeOpenShop479,MemberNameAppointShopOwner479,MemberNameAddDiscount479,ShopNameOpenShop479,ShopNameAppointShopOwner479,ShopNameAddDiscount479
MemberNameRegister480,MemberNameLogin480,MemberNAmeOpenShop480,MemberNameAppointShopOwner480,MemberNameAddDiscount480,ShopNameOpenShop480,ShopNameAppointShopOwner480,ShopNameAddDiscount480
MemberNameRegister481,MemberNameLogin481,MemberNAmeOpenShop481,MemberNameAppointShopOwner481,MemberNameAddDiscount481,ShopNameOpenShop481,ShopNameAppointShopOwner481,ShopNameAddDiscount481
MemberNameRegister482,MemberNameLogin482,MemberNAmeOpenShop482,MemberNameAppointShopOwner482,MemberNameAddDiscount482,ShopNameOpenShop482,ShopNameAppointShopOwner482,ShopNameAddDiscount482
MemberNameRegister483,MemberNameLogin483,MemberNAmeOpenShop483,MemberNameAppointShopOwner483,MemberNameAddDiscount483,ShopNameOpenShop483,ShopNameAppointShopOwner483,ShopNameAddDiscount483
MemberNameRegister484,MemberNameLogin484,MemberNAmeOpenShop484,MemberNameAppointShopOwner484,MemberNameAddDiscount484,ShopNameOpenShop484,ShopNameAppointShopOwner484,ShopNameAddDiscount484
MemberNameRegister485,MemberNameLogin485,MemberNAmeOpenShop485,MemberNameAppointShopOwner485,MemberNameAddDiscount485,ShopNameOpenShop485,ShopNameAppointShopOwner485,ShopNameAddDiscount485
MemberNameRegister486,MemberNameLogin486,MemberNAmeOpenShop486,MemberNameAppointShopOwner486,MemberNameAddDiscount486,ShopNameOpenShop486,ShopNameAppointShopOwner486,ShopNameAddDiscount486
MemberNameRegister487,MemberNameLogin487,MemberNAmeOpenShop487,MemberNameAppointShopOwner487,MemberNameAddDiscount487,ShopNameOpenShop487,ShopNameAppointShopOwner487,ShopNameAddDiscount487
MemberNameRegister488,MemberNameLogin488,MemberNAmeOpenShop488,MemberNameAppointShopOwner488,MemberNameAddDiscount488,ShopNameOpenShop488,ShopNameAppointShopOwner488,ShopNameAddDiscount488
MemberNameRegister489,MemberNameLogin489,MemberNAmeOpenShop489,MemberNameAppointShopOwner489,MemberNameAddDiscount489,ShopNameOpenShop489,ShopNameAppointShopOwner489,ShopNameAddDiscount489
MemberNameRegister490,MemberNameLogin490,MemberNAmeOpenShop490,MemberNameAppointShopOwner490,MemberNameAddDiscount490,ShopNameOpenShop490,ShopNameAppointShopOwner490,ShopNameAddDiscount490
MemberNameRegister491,MemberNameLogin491,MemberNAmeOpenShop491,MemberNameAppointShopOwner491,MemberNameAddDiscount491,ShopNameOpenShop491,ShopNameAppointShopOwner491,ShopNameAddDiscount491
MemberNameRegister492,MemberNameLogin492,MemberNAmeOpenShop492,MemberNameAppointShopOwner492,MemberNameAddDiscount492,ShopNameOpenShop492,ShopNameAppointShopOwner492,ShopNameAddDiscount492
MemberNameRegister493,MemberNameLogin493,MemberNAmeOpenShop493,MemberNameAppointShopOwner493,MemberNameAddDiscount493,ShopNameOpenShop493,ShopNameAppointShopOwner493,ShopNameAddDiscount493
MemberNameRegister494,MemberNameLogin494,MemberNAmeOpenShop494,MemberNameAppointShopOwner494,MemberNameAddDiscount494,ShopNameOpenShop494,ShopNameAppointShopOwner494,ShopNameAddDiscount494
MemberNameRegister495,MemberNameLogin495,MemberNAmeOpenShop495,MemberNameAppointShopOwner495,MemberNameAddDiscount495,ShopNameOpenShop495,ShopNameAppointShopOwner495,ShopNameAddDiscount495
MemberNameRegister496,MemberNameLogin496,MemberNAmeOpenShop496,MemberNameAppointShopOwner496,MemberNameAddDiscount496,ShopNameOpenShop496,ShopNameAppointShopOwner496,ShopNameAddDiscount496
MemberNameRegister497,MemberNameLogin497,MemberNAmeOpenShop497,MemberNameAppointShopOwner497,MemberNameAddDiscount497,ShopNameOpenShop497,ShopNameAppointShopOwner497,ShopNameAddDiscount497
MemberNameRegister498,MemberNameLogin498,MemberNAmeOpenShop498,MemberNameAppointShopOwner498,MemberNameAddDiscount498,ShopNameOpenShop498,ShopNameAppointShopOwner498,ShopNameAddDiscount498
MemberNameRegister499,MemberNameLogin499,MemberNAmeOpenShop499,MemberNameAppointShopOwner499,MemberNameAddDiscount499,ShopNameOpenShop499,ShopNameAppointShopOwner499,ShopNameAddDiscount499
MemberNameRegister500,MemberNameLogin500,MemberNAmeOpenShop500,MemberNameAppointShopOwner500,MemberNameAddDiscount500,ShopNameOpenShop500,ShopNameAppointShopOwner500,ShopNameAddDiscount500
